INFO-FLOW: Workspace /home/jezuniga/mnt/HDD/Maestria/2026Q2/Diseno_de_alto_nivel_de_sistemas_electronicos/image_processing_system/HSL_Vitis/gray_kernel_prj/solution1 opened at Sun Jul 19 18:25:06 CST 2026
Execute       send_msg_by_id INFO @200-1505@%s%s  vivado 
INFO: [HLS 200-1505] Using flow_target 'vivado'
Execute     set_part xck26-sfvc784-2LV-c 
INFO: [HLS 200-1510] Running: set_part xck26-sfvc784-2LV-c 
Execute       create_platform xck26-sfvc784-2LV-c -board  
DBG:HLSDevice: Trying to load device library: /home/jezuniga/tools/Xilinx/Vitis_HLS/2024.1/lib/lnx64.o/libxv_hlsvwrap.so
DBG:HLSDevice: first parts/arch.xml in RDI_DATADIR: /home/jezuniga/tools/Xilinx/Vivado/2024.1/data/parts/arch.xml
DBG:HLSDevice: init success
INFO: [HLS 200-1611] Setting target device to 'xck26-sfvc784-2LV-c'
Command       create_platform done; 0.5 sec.
Execute       source /home/jezuniga/tools/Xilinx/Vitis_HLS/2024.1/common/technology/xilinx/common/xilinx.gen 
Execute         source /home/jezuniga/tools/Xilinx/Vitis_HLS/2024.1/common/technology/xilinx/interface/plb46.gen 
Execute         source /home/jezuniga/tools/Xilinx/Vitis_HLS/2024.1/common/technology/xilinx/interface/axi4.gen 
Execute         source /home/jezuniga/tools/Xilinx/Vitis_HLS/2024.1/common/technology/xilinx/interface/nativeAXI4.gen 
Execute           source /home/jezuniga/tools/Xilinx/Vitis_HLS/2024.1/common/technology/xilinx/interface/saxilite.gen 
Execute         source /home/jezuniga/tools/Xilinx/Vitis_HLS/2024.1/common/technology/xilinx/scripts/xilinxcoregen.gen 
Execute         source /home/jezuniga/tools/Xilinx/Vitis_HLS/2024.1/common/technology/xilinx/interface/XilEDKCoreGen.gen 
Execute         source /home/jezuniga/tools/Xilinx/Vitis_HLS/2024.1/common/technology/xilinx/ip/xfir.gen 
Execute         source /home/jezuniga/tools/Xilinx/Vitis_HLS/2024.1/common/technology/xilinx/ip/util.gen 
Execute         source /home/jezuniga/tools/Xilinx/Vitis_HLS/2024.1/common/technology/xilinx/ip/xfft.gen 
Execute         source /home/jezuniga/tools/Xilinx/Vitis_HLS/2024.1/common/technology/xilinx/ip/dds_compiler.gen 
Execute         source /home/jezuniga/tools/Xilinx/Vitis_HLS/2024.1/common/technology/xilinx/DSP48/dsp48.gen 
Execute       ap_part_info -name xck26-sfvc784-2LV-c -data info 
Execute       config_compile -quiet -complex-mul-dsp=0 
Command     set_part done; 0.58 sec.
Execute     create_clock -period 4.0 -name default 
INFO: [HLS 200-1510] Running: create_clock -period 4.0 -name default 
Execute       ap_set_clock -name default -period 4 -unit ns -default=false 
INFO: [SYN 201-201] Setting up clock 'default' with a period of 4ns.
Execute     csim_design 
INFO: [HLS 200-1510] Running: csim_design 
INFO-FLOW: Running SLX 'csim' proc: ::SLX::run_csim
INFO: [SIM 211-2] *************** CSIM start ***************
INFO: [SIM 211-4] CSIM will launch CLANG as the compiler.
Execute       send_msg_by_id INFO @200-2036@%s debug 
INFO: [HLS 200-2036] Building debug C Simulation binaries
Execute       source /home/jezuniga/tools/Xilinx/Vitis_HLS/2024.1/tps/tcl/tcllib1.11.1/yaml/huddle.tcl 
Execute       source /home/jezuniga/tools/Xilinx/Vitis_HLS/2024.1/tps/tcl/tcllib1.11.1/yaml/json2huddle.tcl 
Execute         source /home/jezuniga/tools/Xilinx/Vitis_HLS/2024.1/tps/tcl/tcllib1.11.1/try/try.tcl 
Execute       ap_part_info -name xck26-sfvc784-2LV-c -data info 
Execute       source run_sim.tcl 
Command       ap_source done; 4.28 sec.
INFO: [SIM 211-1] CSim done with 0 errors.
INFO: [SIM 211-3] *************** CSIM finish ***************
Command     csim_design done; 7.21 sec.
INFO: [HLS 200-2161] Finished Command csim_design Elapsed time: 00:00:07; Allocated memory: 0.125 MB.
Execute     csynth_design 
INFO: [HLS 200-1510] Running: csynth_design 
INFO-FLOW: Running SLX 'csynth' proc: ::SLX::run_csynth
Execute       elaborate -effort=medium -skip_syncheck=0 -keep_printf=0 -skip_cdt=0 -skip_transform=0 -ng=0 -g=0 -opt_fp=0 -from_csynth_design=1 
INFO: [HLS 200-111] Finished File checks and directory preparation: CPU user time: 0.05 seconds. CPU system time: 0.02 seconds. Elapsed time: 0.1 seconds; current allocated memory: 257.402 MB.
Execute         set_directive_top gray_kernel -name=gray_kernel 
INFO: [HLS 200-10] Analyzing design file 'gray_kernel.cpp' ... 
INFO-FLOW: Compiling one TU...
INFO-FLOW: Handling gray_kernel.cpp as C++
Execute         ap_part_info -name xck26-sfvc784-2LV-c -data info 
INFO-FLOW: Running: GCC PP 39
INFO-FLOW: Source preprocessing
INFO-FLOW: run_clang exec: /home/jezuniga/tools/Xilinx/Vitis_HLS/2024.1/lnx64/tools/clang-3.9-csynth/bin/clang gray_kernel.cpp -foptimization-record-file=/home/jezuniga/mnt/HDD/Maestria/2026Q2/Diseno_de_alto_nivel_de_sistemas_electronicos/image_processing_system/HSL_Vitis/gray_kernel_prj/solution1/.autopilot/db/gray_kernel.cpp.clang.diag.yml -mllvm -pass-remarks-missed=reflow|pasta|unroll -mllvm -pass-remarks=reflow|pasta|unroll|inline -fno-limit-debug-info -gcc-toolchain /home/jezuniga/tools/Xilinx/Vitis_HLS/2024.1/tps/lnx64/gcc-8.3.0 -fhls -fno-exceptions -insert-hls-directive=/home/jezuniga/mnt/HDD/Maestria/2026Q2/Diseno_de_alto_nivel_de_sistemas_electronicos/image_processing_system/HSL_Vitis/gray_kernel_prj/solution1/.autopilot/db/all.directive.json -E -fno-math-errno -c -emit-llvm -mllvm -disable-llvm-optzns -Werror=implicit-function-declaration -Werror=implicit-hls-streams -Werror=return-type -Wpragmas -Wunused-parameter -Wdump-hls-pragmas -Wno-error=dump-hls-pragmas -hls-clock-period=4 -fno-threadsafe-statics -fno-use-cxa-atexit -std=gnu++14 -target fpga64-xilinx-linux-gnu -fno-threadsafe-statics -fno-use-cxa-atexit -D__VITIS_HLS__ -DAESL_SYN -D__SYNTHESIS__ -D__HLS_SYN__ -I /home/jezuniga/tools/Xilinx/Vitis_HLS/2024.1/common/technology/autopilot -I /home/jezuniga/tools/Xilinx/Vitis_HLS/2024.1/common/technology/autopilot/ap_sysc -include etc/autopilot_ssdm_op.h -D__DSP48E2__ -I /usr/include/x86_64-linux-gnu -o /home/jezuniga/mnt/HDD/Maestria/2026Q2/Diseno_de_alto_nivel_de_sistemas_electronicos/image_processing_system/HSL_Vitis/gray_kernel_prj/solution1/.autopilot/db/gray_kernel.pp.0.cpp -hls-platform-db-name=/home/jezuniga/tools/Xilinx/Vitis_HLS/2024.1/common/technology/xilinx/common/platform.db -hls-platform-name=zynquplus_medium -device-resource-info=BRAM_288.000000_DSP_1248.000000_FF_234240.000000_LUT_117120.000000_SLICE_14640.000000_URAM_64.000000 -device-name-info=xck26-sfvc784-2LV-c > /home/jezuniga/mnt/HDD/Maestria/2026Q2/Diseno_de_alto_nivel_de_sistemas_electronicos/image_processing_system/HSL_Vitis/gray_kernel_prj/solution1/.autopilot/db/gray_kernel.cpp.clang.out.log 2> /home/jezuniga/mnt/HDD/Maestria/2026Q2/Diseno_de_alto_nivel_de_sistemas_electronicos/image_processing_system/HSL_Vitis/gray_kernel_prj/solution1/.autopilot/db/gray_kernel.cpp.clang.err.log
INFO-FLOW: Done: GCC PP 39 time: 0.5 seconds per iteration
INFO-FLOW: Source syntax check for synthesis
INFO-FLOW: run_clang exec: /home/jezuniga/tools/Xilinx/Vitis_HLS/2024.1/lnx64/tools/clang-3.9-csynth/bin/clang -foptimization-record-file=/home/jezuniga/mnt/HDD/Maestria/2026Q2/Diseno_de_alto_nivel_de_sistemas_electronicos/image_processing_system/HSL_Vitis/gray_kernel_prj/solution1/.autopilot/db/clang.diag.yml -mllvm -pass-remarks-missed=reflow|pasta|unroll -mllvm -pass-remarks=reflow|pasta|unroll|inline -fsyntax-only -fhls -target fpga64-xilinx-linux-gnu /home/jezuniga/mnt/HDD/Maestria/2026Q2/Diseno_de_alto_nivel_de_sistemas_electronicos/image_processing_system/HSL_Vitis/gray_kernel_prj/solution1/.autopilot/db/gray_kernel.pp.0.cpp -hls-platform-db-name=/home/jezuniga/tools/Xilinx/Vitis_HLS/2024.1/common/technology/xilinx/common/platform.db -hls-platform-name=zynquplus_medium -device-resource-info=BRAM_288.000000_DSP_1248.000000_FF_234240.000000_LUT_117120.000000_SLICE_14640.000000_URAM_64.000000 -device-name-info=xck26-sfvc784-2LV-c > /home/jezuniga/mnt/HDD/Maestria/2026Q2/Diseno_de_alto_nivel_de_sistemas_electronicos/image_processing_system/HSL_Vitis/gray_kernel_prj/solution1/.autopilot/db/clang.out.log 2> /home/jezuniga/mnt/HDD/Maestria/2026Q2/Diseno_de_alto_nivel_de_sistemas_electronicos/image_processing_system/HSL_Vitis/gray_kernel_prj/solution1/.autopilot/db/clang.err.log
Execute         clang_tidy xilinx-systemc-detector -desc systemc-detector /home/jezuniga/mnt/HDD/Maestria/2026Q2/Diseno_de_alto_nivel_de_sistemas_electronicos/image_processing_system/HSL_Vitis/gray_kernel_prj/solution1/.autopilot/db/gray_kernel.pp.0.cpp std=gnu++14 -target fpga  -directive=/home/jezuniga/mnt/HDD/Maestria/2026Q2/Diseno_de_alto_nivel_de_sistemas_electronicos/image_processing_system/HSL_Vitis/gray_kernel_prj/solution1/.autopilot/db/.systemc_flag 
INFO-FLOW: exec /home/jezuniga/tools/Xilinx/Vitis_HLS/2024.1/lnx64/tools/clang-3.9-csynth/bin/clang-tidy -header-filter=.* --checks=-*,xilinx-systemc-detector -import-directive=/home/jezuniga/mnt/HDD/Maestria/2026Q2/Diseno_de_alto_nivel_de_sistemas_electronicos/image_processing_system/HSL_Vitis/gray_kernel_prj/solution1/.autopilot/db/.systemc_flag -fix-errors /home/jezuniga/mnt/HDD/Maestria/2026Q2/Diseno_de_alto_nivel_de_sistemas_electronicos/image_processing_system/HSL_Vitis/gray_kernel_prj/solution1/.autopilot/db/gray_kernel.pp.0.cpp -- -std=gnu++14 -target fpga -fhls -ferror-limit=0
Command         clang_tidy done; 0.44 sec.
INFO-FLOW: Running: clang-tidy CDT preprocess 39
Execute         clang_tidy xilinx-directive2pragma -desc directive2pragma /home/jezuniga/mnt/HDD/Maestria/2026Q2/Diseno_de_alto_nivel_de_sistemas_electronicos/image_processing_system/HSL_Vitis/gray_kernel_prj/solution1/.autopilot/db/gray_kernel.pp.0.cpp std=gnu++14 -target fpga  -directive=/home/jezuniga/mnt/HDD/Maestria/2026Q2/Diseno_de_alto_nivel_de_sistemas_electronicos/image_processing_system/HSL_Vitis/gray_kernel_prj/solution1/.autopilot/db/all.directive.json 
INFO-FLOW: exec /home/jezuniga/tools/Xilinx/Vitis_HLS/2024.1/lnx64/tools/clang-3.9-csynth/bin/clang-tidy -header-filter=.* --checks=-*,xilinx-directive2pragma -import-directive=/home/jezuniga/mnt/HDD/Maestria/2026Q2/Diseno_de_alto_nivel_de_sistemas_electronicos/image_processing_system/HSL_Vitis/gray_kernel_prj/solution1/.autopilot/db/all.directive.json -fix-errors /home/jezuniga/mnt/HDD/Maestria/2026Q2/Diseno_de_alto_nivel_de_sistemas_electronicos/image_processing_system/HSL_Vitis/gray_kernel_prj/solution1/.autopilot/db/gray_kernel.pp.0.cpp -- -std=gnu++14 -target fpga -fhls -ferror-limit=0
Command         clang_tidy done; 0.44 sec.
INFO-FLOW: Done: clang-tidy CDT preprocess 39 time: 0.4 seconds per iteration
INFO-FLOW: Calling xilinx-label-all-loops ... 
INFO-FLOW: Calling xilinx-aggregate-on-hls-vector ... 
Execute         clang_tidy -errorcheck -desc loop-label xilinx-label-all-loops,xilinx-aggregate-on-hls-vector,,xilinx-warn-mayneed-no-ctor-attribute /home/jezuniga/mnt/HDD/Maestria/2026Q2/Diseno_de_alto_nivel_de_sistemas_electronicos/image_processing_system/HSL_Vitis/gray_kernel_prj/solution1/.autopilot/db/gray_kernel.pp.0.cpp std=gnu++14 -target fpga  
INFO-FLOW: run_clang exec: /home/jezuniga/tools/Xilinx/Vitis_HLS/2024.1/lnx64/tools/clang-3.9-csynth/bin/clang-tidy -export-fixes=/home/jezuniga/mnt/HDD/Maestria/2026Q2/Diseno_de_alto_nivel_de_sistemas_electronicos/image_processing_system/HSL_Vitis/gray_kernel_prj/solution1/.autopilot/db/gray_kernel.pp.0.cpp.clang-tidy.loop-label.diag.yml -header-filter=.* --checks=-*,xilinx-label-all-loops,xilinx-aggregate-on-hls-vector,,xilinx-warn-mayneed-no-ctor-attribute -fix-errors /home/jezuniga/mnt/HDD/Maestria/2026Q2/Diseno_de_alto_nivel_de_sistemas_electronicos/image_processing_system/HSL_Vitis/gray_kernel_prj/solution1/.autopilot/db/gray_kernel.pp.0.cpp -- -std=gnu++14 -target fpga -fhls -ferror-limit=0 > /home/jezuniga/mnt/HDD/Maestria/2026Q2/Diseno_de_alto_nivel_de_sistemas_electronicos/image_processing_system/HSL_Vitis/gray_kernel_prj/solution1/.autopilot/db/gray_kernel.pp.0.cpp.clang-tidy.loop-label.out.log 2> /home/jezuniga/mnt/HDD/Maestria/2026Q2/Diseno_de_alto_nivel_de_sistemas_electronicos/image_processing_system/HSL_Vitis/gray_kernel_prj/solution1/.autopilot/db/gray_kernel.pp.0.cpp.clang-tidy.loop-label.err.log
Execute           source /home/jezuniga/tools/Xilinx/Vitis_HLS/2024.1/tps/tcl/tcllib1.11.1/yaml/yaml.tcl 
Command         clang_tidy done; 0.56 sec.
INFO-FLOW: run_clang exec: /home/jezuniga/tools/Xilinx/Vitis_HLS/2024.1/lnx64/tools/clang-3.9-csynth/bin/xilinx-dataflow-lawyer -export-fixes=/home/jezuniga/mnt/HDD/Maestria/2026Q2/Diseno_de_alto_nivel_de_sistemas_electronicos/image_processing_system/HSL_Vitis/gray_kernel_prj/solution1/.autopilot/db/gray_kernel.pp.0.cpp.xilinx-dataflow-lawyer.diag.yml /home/jezuniga/mnt/HDD/Maestria/2026Q2/Diseno_de_alto_nivel_de_sistemas_electronicos/image_processing_system/HSL_Vitis/gray_kernel_prj/solution1/.autopilot/db/gray_kernel.pp.0.cpp -- -std=gnu++14 -target fpga -fhls -ferror-limit=0 -fstrict-dataflow > /home/jezuniga/mnt/HDD/Maestria/2026Q2/Diseno_de_alto_nivel_de_sistemas_electronicos/image_processing_system/HSL_Vitis/gray_kernel_prj/solution1/.autopilot/db/gray_kernel.pp.0.cpp.xilinx-dataflow-lawyer.out.log 2> /home/jezuniga/mnt/HDD/Maestria/2026Q2/Diseno_de_alto_nivel_de_sistemas_electronicos/image_processing_system/HSL_Vitis/gray_kernel_prj/solution1/.autopilot/db/gray_kernel.pp.0.cpp.xilinx-dataflow-lawyer.err.log
Execute         ap_part_info -name xck26-sfvc784-2LV-c -data info 
INFO-FLOW: compiling source code to llvm bc
INFO-FLOW: run_clang exec: /home/jezuniga/tools/Xilinx/Vitis_HLS/2024.1/lnx64/tools/clang-3.9-csynth/bin/clang -foptimization-record-file=/home/jezuniga/mnt/HDD/Maestria/2026Q2/Diseno_de_alto_nivel_de_sistemas_electronicos/image_processing_system/HSL_Vitis/gray_kernel_prj/solution1/.autopilot/db/gray_kernel.pp.0.cpp.clang.diag.yml -mllvm -pass-remarks-missed=reflow|pasta|unroll -mllvm -pass-remarks=reflow|pasta|unroll|inline -fno-limit-debug-info -fhls -flto -fno-exceptions -Wno-error=c++11-narrowing -hls-emit-hint-scope /home/jezuniga/mnt/HDD/Maestria/2026Q2/Diseno_de_alto_nivel_de_sistemas_electronicos/image_processing_system/HSL_Vitis/gray_kernel_prj/solution1/.autopilot/db/gray_kernel.pp.0.cpp -fno-math-errno -c -emit-llvm -mllvm -disable-llvm-optzns -Werror=implicit-function-declaration -Werror=implicit-hls-streams -Werror=return-type -Wpragmas -Wunused-parameter -Wdump-hls-pragmas -Wno-error=dump-hls-pragmas -hls-clock-period=4 -fno-threadsafe-statics -fno-use-cxa-atexit -std=gnu++14 -target fpga64-xilinx-linux-gnu -D__VITIS_HLS__ -DAESL_SYN -D__SYNTHESIS__ -D__HLS_SYN__ -I /home/jezuniga/tools/Xilinx/Vitis_HLS/2024.1/common/technology/autopilot -I /home/jezuniga/tools/Xilinx/Vitis_HLS/2024.1/common/technology/autopilot/ap_sysc -include etc/autopilot_ssdm_op.h -D__DSP48E2__ -g -o /home/jezuniga/mnt/HDD/Maestria/2026Q2/Diseno_de_alto_nivel_de_sistemas_electronicos/image_processing_system/HSL_Vitis/gray_kernel_prj/solution1/.autopilot/db/gray_kernel.bc -hls-platform-db-name=/home/jezuniga/tools/Xilinx/Vitis_HLS/2024.1/common/technology/xilinx/common/platform.db -hls-platform-name=zynquplus_medium -device-resource-info=BRAM_288.000000_DSP_1248.000000_FF_234240.000000_LUT_117120.000000_SLICE_14640.000000_URAM_64.000000 -device-name-info=xck26-sfvc784-2LV-c > /home/jezuniga/mnt/HDD/Maestria/2026Q2/Diseno_de_alto_nivel_de_sistemas_electronicos/image_processing_system/HSL_Vitis/gray_kernel_prj/solution1/.autopilot/db/gray_kernel.pp.0.cpp.clang.out.log 2> /home/jezuniga/mnt/HDD/Maestria/2026Q2/Diseno_de_alto_nivel_de_sistemas_electronicos/image_processing_system/HSL_Vitis/gray_kernel_prj/solution1/.autopilot/db/gray_kernel.pp.0.cpp.clang.err.log
INFO: [HLS 200-111] Finished Source Code Analysis and Preprocessing: CPU user time: 2.03 seconds. CPU system time: 0.69 seconds. Elapsed time: 3.36 seconds; current allocated memory: 259.594 MB.
INFO-FLOW: Linking Debug ...
INFO-FLOW: Linking dut bc code.
Execute         run_link_or_opt -out /home/jezuniga/mnt/HDD/Maestria/2026Q2/Diseno_de_alto_nivel_de_sistemas_electronicos/image_processing_system/HSL_Vitis/gray_kernel_prj/solution1/.autopilot/db/a.g.ld.0.bc -args  "/home/jezuniga/mnt/HDD/Maestria/2026Q2/Diseno_de_alto_nivel_de_sistemas_electronicos/image_processing_system/HSL_Vitis/gray_kernel_prj/solution1/.autopilot/db/gray_kernel.g.bc"  
INFO-FLOW: run_clang exec: /home/jezuniga/tools/Xilinx/Vitis_HLS/2024.1/lnx64/tools/clang-3.9-csynth/bin/llvm-link /home/jezuniga/mnt/HDD/Maestria/2026Q2/Diseno_de_alto_nivel_de_sistemas_electronicos/image_processing_system/HSL_Vitis/gray_kernel_prj/solution1/.autopilot/db/gray_kernel.g.bc -o /home/jezuniga/mnt/HDD/Maestria/2026Q2/Diseno_de_alto_nivel_de_sistemas_electronicos/image_processing_system/HSL_Vitis/gray_kernel_prj/solution1/.autopilot/db/a.g.ld.0.bc > /home/jezuniga/mnt/HDD/Maestria/2026Q2/Diseno_de_alto_nivel_de_sistemas_electronicos/image_processing_system/HSL_Vitis/gray_kernel_prj/solution1/.autopilot/db/a.g.ld.0.bc.llvm-link.out.log 2> /home/jezuniga/mnt/HDD/Maestria/2026Q2/Diseno_de_alto_nivel_de_sistemas_electronicos/image_processing_system/HSL_Vitis/gray_kernel_prj/solution1/.autopilot/db/a.g.ld.0.bc.llvm-link.err.log
INFO-FLOW: 
Execute         run_link_or_opt -opt -out /home/jezuniga/mnt/HDD/Maestria/2026Q2/Diseno_de_alto_nivel_de_sistemas_electronicos/image_processing_system/HSL_Vitis/gray_kernel_prj/solution1/.autopilot/db/a.g.ld.1.lower.bc -args /home/jezuniga/mnt/HDD/Maestria/2026Q2/Diseno_de_alto_nivel_de_sistemas_electronicos/image_processing_system/HSL_Vitis/gray_kernel_prj/solution1/.autopilot/db/a.g.ld.0.bc -reflow-lower-math-intrinsics 
INFO-FLOW: run_clang exec: /home/jezuniga/tools/Xilinx/Vitis_HLS/2024.1/lnx64/tools/clang-3.9-csynth/bin/opt -pass-remarks-missed=reflow|pasta|unroll -pass-remarks=reflow|pasta|unroll|inline -pass-remarks-output=/home/jezuniga/mnt/HDD/Maestria/2026Q2/Diseno_de_alto_nivel_de_sistemas_electronicos/image_processing_system/HSL_Vitis/gray_kernel_prj/solution1/.autopilot/db/a.g.ld.1.lower.bc.opt.diag.yml /home/jezuniga/mnt/HDD/Maestria/2026Q2/Diseno_de_alto_nivel_de_sistemas_electronicos/image_processing_system/HSL_Vitis/gray_kernel_prj/solution1/.autopilot/db/a.g.ld.0.bc -reflow-lower-math-intrinsics -o /home/jezuniga/mnt/HDD/Maestria/2026Q2/Diseno_de_alto_nivel_de_sistemas_electronicos/image_processing_system/HSL_Vitis/gray_kernel_prj/solution1/.autopilot/db/a.g.ld.1.lower.bc > /home/jezuniga/mnt/HDD/Maestria/2026Q2/Diseno_de_alto_nivel_de_sistemas_electronicos/image_processing_system/HSL_Vitis/gray_kernel_prj/solution1/.autopilot/db/a.g.ld.1.lower.bc.opt.out.log 2> /home/jezuniga/mnt/HDD/Maestria/2026Q2/Diseno_de_alto_nivel_de_sistemas_electronicos/image_processing_system/HSL_Vitis/gray_kernel_prj/solution1/.autopilot/db/a.g.ld.1.lower.bc.opt.err.log
INFO-FLOW: 
INFO-FLOW: Running: gen_design_size_report post-opt
INFO-FLOW: Done: gen_design_size_report post-opt time: 0 seconds per iteration
Command         run_link_or_opt done; 0.26 sec.
INFO-FLOW: Linking math bc lib
Execute         run_link_or_opt -out /home/jezuniga/mnt/HDD/Maestria/2026Q2/Diseno_de_alto_nivel_de_sistemas_electronicos/image_processing_system/HSL_Vitis/gray_kernel_prj/solution1/.autopilot/db/a.g.ld.2.m1.bc -args /home/jezuniga/mnt/HDD/Maestria/2026Q2/Diseno_de_alto_nivel_de_sistemas_electronicos/image_processing_system/HSL_Vitis/gray_kernel_prj/solution1/.autopilot/db/a.g.ld.1.lower.bc -only-needed /home/jezuniga/tools/Xilinx/Vitis_HLS/2024.1/lnx64/lib/libhlsm_39.bc /home/jezuniga/tools/Xilinx/Vitis_HLS/2024.1/lnx64/lib/libhlsmc++_39.bc 
INFO-FLOW: run_clang exec: /home/jezuniga/tools/Xilinx/Vitis_HLS/2024.1/lnx64/tools/clang-3.9-csynth/bin/llvm-link /home/jezuniga/mnt/HDD/Maestria/2026Q2/Diseno_de_alto_nivel_de_sistemas_electronicos/image_processing_system/HSL_Vitis/gray_kernel_prj/solution1/.autopilot/db/a.g.ld.1.lower.bc -only-needed /home/jezuniga/tools/Xilinx/Vitis_HLS/2024.1/lnx64/lib/libhlsm_39.bc /home/jezuniga/tools/Xilinx/Vitis_HLS/2024.1/lnx64/lib/libhlsmc++_39.bc -o /home/jezuniga/mnt/HDD/Maestria/2026Q2/Diseno_de_alto_nivel_de_sistemas_electronicos/image_processing_system/HSL_Vitis/gray_kernel_prj/solution1/.autopilot/db/a.g.ld.2.m1.bc > /home/jezuniga/mnt/HDD/Maestria/2026Q2/Diseno_de_alto_nivel_de_sistemas_electronicos/image_processing_system/HSL_Vitis/gray_kernel_prj/solution1/.autopilot/db/a.g.ld.2.m1.bc.llvm-link.out.log 2> /home/jezuniga/mnt/HDD/Maestria/2026Q2/Diseno_de_alto_nivel_de_sistemas_electronicos/image_processing_system/HSL_Vitis/gray_kernel_prj/solution1/.autopilot/db/a.g.ld.2.m1.bc.llvm-link.err.log
INFO-FLOW: 
Command         run_link_or_opt done; 1.12 sec.
Execute         run_link_or_opt -opt -out /home/jezuniga/mnt/HDD/Maestria/2026Q2/Diseno_de_alto_nivel_de_sistemas_electronicos/image_processing_system/HSL_Vitis/gray_kernel_prj/solution1/.autopilot/db/a.g.ld.3.fpc.bc -args /home/jezuniga/mnt/HDD/Maestria/2026Q2/Diseno_de_alto_nivel_de_sistemas_electronicos/image_processing_system/HSL_Vitis/gray_kernel_prj/solution1/.autopilot/db/a.g.ld.2.m1.bc -reflow-globaldce -hls-top-function-name=gray_kernel -reflow-float-conversion 
INFO-FLOW: run_clang exec: /home/jezuniga/tools/Xilinx/Vitis_HLS/2024.1/lnx64/tools/clang-3.9-csynth/bin/opt -pass-remarks-missed=reflow|pasta|unroll -pass-remarks=reflow|pasta|unroll|inline -pass-remarks-output=/home/jezuniga/mnt/HDD/Maestria/2026Q2/Diseno_de_alto_nivel_de_sistemas_electronicos/image_processing_system/HSL_Vitis/gray_kernel_prj/solution1/.autopilot/db/a.g.ld.3.fpc.bc.opt.diag.yml /home/jezuniga/mnt/HDD/Maestria/2026Q2/Diseno_de_alto_nivel_de_sistemas_electronicos/image_processing_system/HSL_Vitis/gray_kernel_prj/solution1/.autopilot/db/a.g.ld.2.m1.bc -reflow-globaldce -hls-top-function-name=gray_kernel -reflow-float-conversion -o /home/jezuniga/mnt/HDD/Maestria/2026Q2/Diseno_de_alto_nivel_de_sistemas_electronicos/image_processing_system/HSL_Vitis/gray_kernel_prj/solution1/.autopilot/db/a.g.ld.3.fpc.bc > /home/jezuniga/mnt/HDD/Maestria/2026Q2/Diseno_de_alto_nivel_de_sistemas_electronicos/image_processing_system/HSL_Vitis/gray_kernel_prj/solution1/.autopilot/db/a.g.ld.3.fpc.bc.opt.out.log 2> /home/jezuniga/mnt/HDD/Maestria/2026Q2/Diseno_de_alto_nivel_de_sistemas_electronicos/image_processing_system/HSL_Vitis/gray_kernel_prj/solution1/.autopilot/db/a.g.ld.3.fpc.bc.opt.err.log
INFO-FLOW: 
INFO-FLOW: Running: gen_design_size_report post-opt
INFO-FLOW: Done: gen_design_size_report post-opt time: 0 seconds per iteration
Command         run_link_or_opt done; 0.41 sec.
Execute         run_link_or_opt -out /home/jezuniga/mnt/HDD/Maestria/2026Q2/Diseno_de_alto_nivel_de_sistemas_electronicos/image_processing_system/HSL_Vitis/gray_kernel_prj/solution1/.autopilot/db/a.g.ld.4.m2.bc -args /home/jezuniga/mnt/HDD/Maestria/2026Q2/Diseno_de_alto_nivel_de_sistemas_electronicos/image_processing_system/HSL_Vitis/gray_kernel_prj/solution1/.autopilot/db/a.g.ld.3.fpc.bc -only-needed /home/jezuniga/tools/Xilinx/Vitis_HLS/2024.1/lnx64/lib/libfloatconversion_39.bc 
INFO-FLOW: run_clang exec: /home/jezuniga/tools/Xilinx/Vitis_HLS/2024.1/lnx64/tools/clang-3.9-csynth/bin/llvm-link /home/jezuniga/mnt/HDD/Maestria/2026Q2/Diseno_de_alto_nivel_de_sistemas_electronicos/image_processing_system/HSL_Vitis/gray_kernel_prj/solution1/.autopilot/db/a.g.ld.3.fpc.bc -only-needed /home/jezuniga/tools/Xilinx/Vitis_HLS/2024.1/lnx64/lib/libfloatconversion_39.bc -o /home/jezuniga/mnt/HDD/Maestria/2026Q2/Diseno_de_alto_nivel_de_sistemas_electronicos/image_processing_system/HSL_Vitis/gray_kernel_prj/solution1/.autopilot/db/a.g.ld.4.m2.bc > /home/jezuniga/mnt/HDD/Maestria/2026Q2/Diseno_de_alto_nivel_de_sistemas_electronicos/image_processing_system/HSL_Vitis/gray_kernel_prj/solution1/.autopilot/db/a.g.ld.4.m2.bc.llvm-link.out.log 2> /home/jezuniga/mnt/HDD/Maestria/2026Q2/Diseno_de_alto_nivel_de_sistemas_electronicos/image_processing_system/HSL_Vitis/gray_kernel_prj/solution1/.autopilot/db/a.g.ld.4.m2.bc.llvm-link.err.log
INFO-FLOW: 
Execute         run_link_or_opt -opt -out /home/jezuniga/mnt/HDD/Maestria/2026Q2/Diseno_de_alto_nivel_de_sistemas_electronicos/image_processing_system/HSL_Vitis/gray_kernel_prj/solution1/.autopilot/db/a.g.ld.5.gdce.bc -args /home/jezuniga/mnt/HDD/Maestria/2026Q2/Diseno_de_alto_nivel_de_sistemas_electronicos/image_processing_system/HSL_Vitis/gray_kernel_prj/solution1/.autopilot/db/a.g.ld.4.m2.bc -reflow-globaldce -hls-top-function-name=gray_kernel 
INFO-FLOW: run_clang exec: /home/jezuniga/tools/Xilinx/Vitis_HLS/2024.1/lnx64/tools/clang-3.9-csynth/bin/opt -pass-remarks-missed=reflow|pasta|unroll -pass-remarks=reflow|pasta|unroll|inline -pass-remarks-output=/home/jezuniga/mnt/HDD/Maestria/2026Q2/Diseno_de_alto_nivel_de_sistemas_electronicos/image_processing_system/HSL_Vitis/gray_kernel_prj/solution1/.autopilot/db/a.g.ld.5.gdce.bc.opt.diag.yml /home/jezuniga/mnt/HDD/Maestria/2026Q2/Diseno_de_alto_nivel_de_sistemas_electronicos/image_processing_system/HSL_Vitis/gray_kernel_prj/solution1/.autopilot/db/a.g.ld.4.m2.bc -reflow-globaldce -hls-top-function-name=gray_kernel -o /home/jezuniga/mnt/HDD/Maestria/2026Q2/Diseno_de_alto_nivel_de_sistemas_electronicos/image_processing_system/HSL_Vitis/gray_kernel_prj/solution1/.autopilot/db/a.g.ld.5.gdce.bc > /home/jezuniga/mnt/HDD/Maestria/2026Q2/Diseno_de_alto_nivel_de_sistemas_electronicos/image_processing_system/HSL_Vitis/gray_kernel_prj/solution1/.autopilot/db/a.g.ld.5.gdce.bc.opt.out.log 2> /home/jezuniga/mnt/HDD/Maestria/2026Q2/Diseno_de_alto_nivel_de_sistemas_electronicos/image_processing_system/HSL_Vitis/gray_kernel_prj/solution1/.autopilot/db/a.g.ld.5.gdce.bc.opt.err.log
INFO-FLOW: 
INFO-FLOW: Running: gen_design_size_report post-opt
INFO-FLOW: Done: gen_design_size_report post-opt time: 0 seconds per iteration
Execute         send_msg_by_id INFO @200-777@%s Vivado 
INFO: [HLS 200-777] Using interface defaults for 'Vivado' flow target.
Execute         is_m_axi_addr64 
INFO-FLOW: Doing LTO.
INFO-FLOW: run_clang (background poll_ms 5000) exec: /home/jezuniga/tools/Xilinx/Vitis_HLS/2024.1/lnx64/tools/clang-3.9-csynth/bin/clang -foptimization-record-file=/home/jezuniga/mnt/HDD/Maestria/2026Q2/Diseno_de_alto_nivel_de_sistemas_electronicos/image_processing_system/HSL_Vitis/gray_kernel_prj/solution1/.autopilot/db/a.g.ld.0.bc.clang.reflow.diag.yml -mllvm -pass-remarks-missed=reflow|pasta|unroll -mllvm -pass-remarks=reflow|pasta|unroll|inline -fhls -mllvm -hls-top-function-name=gray_kernel -mllvm -hls-db-dir -mllvm /home/jezuniga/mnt/HDD/Maestria/2026Q2/Diseno_de_alto_nivel_de_sistemas_electronicos/image_processing_system/HSL_Vitis/gray_kernel_prj/solution1/.autopilot/db -emit-llvm -c -target fpga64-xilinx-none -mllvm -xcl-xmlinfo=/home/jezuniga/mnt/HDD/Maestria/2026Q2/Diseno_de_alto_nivel_de_sistemas_electronicos/image_processing_system/HSL_Vitis/gray_kernel_prj/solution1/.autopilot/db/kernel.internal.xml -mllvm -top-io-mapping-info=/home/jezuniga/mnt/HDD/Maestria/2026Q2/Diseno_de_alto_nivel_de_sistemas_electronicos/image_processing_system/HSL_Vitis/gray_kernel_prj/solution1/.autopilot/db/top-io-fe.xml -mllvm -hls-bitcode-version=3.1 -mllvm -reflow-enable-slave-interface-default-setting=true -mllvm -gen-kernel-xml=false -mllvm -default-maxi-offset=slave -mllvm -maxi-latency=0 -mllvm -hls-maxi-data-size-in-bits=8 -mllvm -hls-maxi-max-data-size-in-bits=1024 -mllvm -hls-max-widen-size-in-bits=0 -mllvm -xcl-kernel-max-mem-ports=0 -mllvm -maxi-read-trans=16 -mllvm -maxi-write-trans=16 -mllvm -maxi-read-burst-len=16 -mllvm -maxi-write-burst-len=16 -mllvm -reflow-enable-saxi-64bits=0 -mllvm -reflow-basic-block-instr-threshold=200000 -mllvm -reflow-auto-pipeline-threshold=64 -mllvm -reflow-enable-maxi-auto-id-channel=0 -mllvm -enable-fp-thr=0 -mllvm -reflow-bdd-simplify-threshold=1048576 -mllvm -reflow-fanout-threshold=16 -mllvm -reflow-complete-threshold=4 -mllvm -reflow-array-promotion-threshold=64 -mllvm -assume-maxi-align=1 -mllvm -reflow-enable-dataflow-strict-mode-checking=1 -ftime-report -mllvm -time-passes -mllvm -reflow-auto-array-partition-mode=default -mllvm -reflow-enable-auto-small-array-partition=true -mllvm -reflow-enable-auto-array-partition-for-flatten=true -mllvm -reflow-enable-auto-parallel-performance-driven=true -mllvm -reflow-enable-partition-for-automation=true -mllvm -reflow-aggregate-bitwidth-threshold=4096 -mllvm -reflow-reserved-saxilite-registers=0 -mllvm -enable-reflow-auto-loop-pipeline -mllvm -reflow-max-unroll-threshold=409600 -mllvm -auto-unroll-tripcount-threshold=0 -mllvm -reflow-assume-no-address-wrap=true -mllvm -reflow-enable-occurrence-inference=true -mllvm -reflow-emit-hint-scope=true -mllvm -reflow-enable-codegen-with-if=true -mllvm -hls -mllvm -disable-inlined-alloca-merging=true -mllvm -default-clock-period=4 -mllvm -use_read_first_ram_in_loop=1 -mllvm -default-clock-uncertainty=1.08 -x ir /home/jezuniga/mnt/HDD/Maestria/2026Q2/Diseno_de_alto_nivel_de_sistemas_electronicos/image_processing_system/HSL_Vitis/gray_kernel_prj/solution1/.autopilot/db/a.g.ld.5.gdce.bc -o /home/jezuniga/mnt/HDD/Maestria/2026Q2/Diseno_de_alto_nivel_de_sistemas_electronicos/image_processing_system/HSL_Vitis/gray_kernel_prj/solution1/.autopilot/db/a.g.lto.bc -hls-platform-db-name=/home/jezuniga/tools/Xilinx/Vitis_HLS/2024.1/common/technology/xilinx/common/platform.db -hls-platform-name=zynquplus_medium -device-resource-info=BRAM_288.000000_DSP_1248.000000_FF_234240.000000_LUT_117120.000000_SLICE_14640.000000_URAM_64.000000 -device-name-info=xck26-sfvc784-2LV-c 2> /home/jezuniga/mnt/HDD/Maestria/2026Q2/Diseno_de_alto_nivel_de_sistemas_electronicos/image_processing_system/HSL_Vitis/gray_kernel_prj/solution1/.autopilot/db/a.g.ld.0.bc.clang.reflow.err.log bg_poll_cmd: ::AP::poll_clang_39_closed_source
Execute         send_msg_by_id INFO @200-1995@%s%s%s 1,163 Compile/Link /home/jezuniga/mnt/HDD/Maestria/2026Q2/Diseno_de_alto_nivel_de_sistemas_electronicos/image_processing_system/HSL_Vitis/gray_kernel_prj/solution1/syn/report/csynth_design_size.rpt 
INFO: [HLS 200-1995] There were 1,163 instructions in the design after the 'Compile/Link' phase of compilation. See the Design Size Report for more details: /home/jezuniga/mnt/HDD/Maestria/2026Q2/Diseno_de_alto_nivel_de_sistemas_electronicos/image_processing_system/HSL_Vitis/gray_kernel_prj/solution1/syn/report/csynth_design_size.rpt
Execute         send_msg_by_id INFO @200-1995@%s%s%s 113 Unroll/Inline (step 1) /home/jezuniga/mnt/HDD/Maestria/2026Q2/Diseno_de_alto_nivel_de_sistemas_electronicos/image_processing_system/HSL_Vitis/gray_kernel_prj/solution1/syn/report/csynth_design_size.rpt 
INFO: [HLS 200-1995] There were 113 instructions in the design after the 'Unroll/Inline (step 1)' phase of compilation. See the Design Size Report for more details: /home/jezuniga/mnt/HDD/Maestria/2026Q2/Diseno_de_alto_nivel_de_sistemas_electronicos/image_processing_system/HSL_Vitis/gray_kernel_prj/solution1/syn/report/csynth_design_size.rpt
Execute         send_msg_by_id INFO @200-1995@%s%s%s 96 Unroll/Inline (step 2) /home/jezuniga/mnt/HDD/Maestria/2026Q2/Diseno_de_alto_nivel_de_sistemas_electronicos/image_processing_system/HSL_Vitis/gray_kernel_prj/solution1/syn/report/csynth_design_size.rpt 
INFO: [HLS 200-1995] There were 96 instructions in the design after the 'Unroll/Inline (step 2)' phase of compilation. See the Design Size Report for more details: /home/jezuniga/mnt/HDD/Maestria/2026Q2/Diseno_de_alto_nivel_de_sistemas_electronicos/image_processing_system/HSL_Vitis/gray_kernel_prj/solution1/syn/report/csynth_design_size.rpt
Execute         send_msg_by_id INFO @200-1995@%s%s%s 97 Unroll/Inline (step 3) /home/jezuniga/mnt/HDD/Maestria/2026Q2/Diseno_de_alto_nivel_de_sistemas_electronicos/image_processing_system/HSL_Vitis/gray_kernel_prj/solution1/syn/report/csynth_design_size.rpt 
INFO: [HLS 200-1995] There were 97 instructions in the design after the 'Unroll/Inline (step 3)' phase of compilation. See the Design Size Report for more details: /home/jezuniga/mnt/HDD/Maestria/2026Q2/Diseno_de_alto_nivel_de_sistemas_electronicos/image_processing_system/HSL_Vitis/gray_kernel_prj/solution1/syn/report/csynth_design_size.rpt
Execute         send_msg_by_id INFO @200-1995@%s%s%s 97 Unroll/Inline (step 4) /home/jezuniga/mnt/HDD/Maestria/2026Q2/Diseno_de_alto_nivel_de_sistemas_electronicos/image_processing_system/HSL_Vitis/gray_kernel_prj/solution1/syn/report/csynth_design_size.rpt 
INFO: [HLS 200-1995] There were 97 instructions in the design after the 'Unroll/Inline (step 4)' phase of compilation. See the Design Size Report for more details: /home/jezuniga/mnt/HDD/Maestria/2026Q2/Diseno_de_alto_nivel_de_sistemas_electronicos/image_processing_system/HSL_Vitis/gray_kernel_prj/solution1/syn/report/csynth_design_size.rpt
Execute         send_msg_by_id INFO @200-1995@%s%s%s 86 Array/Struct (step 1) /home/jezuniga/mnt/HDD/Maestria/2026Q2/Diseno_de_alto_nivel_de_sistemas_electronicos/image_processing_system/HSL_Vitis/gray_kernel_prj/solution1/syn/report/csynth_design_size.rpt 
INFO: [HLS 200-1995] There were 86 instructions in the design after the 'Array/Struct (step 1)' phase of compilation. See the Design Size Report for more details: /home/jezuniga/mnt/HDD/Maestria/2026Q2/Diseno_de_alto_nivel_de_sistemas_electronicos/image_processing_system/HSL_Vitis/gray_kernel_prj/solution1/syn/report/csynth_design_size.rpt
Execute         send_msg_by_id INFO @200-1995@%s%s%s 86 Array/Struct (step 2) /home/jezuniga/mnt/HDD/Maestria/2026Q2/Diseno_de_alto_nivel_de_sistemas_electronicos/image_processing_system/HSL_Vitis/gray_kernel_prj/solution1/syn/report/csynth_design_size.rpt 
INFO: [HLS 200-1995] There were 86 instructions in the design after the 'Array/Struct (step 2)' phase of compilation. See the Design Size Report for more details: /home/jezuniga/mnt/HDD/Maestria/2026Q2/Diseno_de_alto_nivel_de_sistemas_electronicos/image_processing_system/HSL_Vitis/gray_kernel_prj/solution1/syn/report/csynth_design_size.rpt
Execute         send_msg_by_id INFO @200-1995@%s%s%s 86 Array/Struct (step 3) /home/jezuniga/mnt/HDD/Maestria/2026Q2/Diseno_de_alto_nivel_de_sistemas_electronicos/image_processing_system/HSL_Vitis/gray_kernel_prj/solution1/syn/report/csynth_design_size.rpt 
INFO: [HLS 200-1995] There were 86 instructions in the design after the 'Array/Struct (step 3)' phase of compilation. See the Design Size Report for more details: /home/jezuniga/mnt/HDD/Maestria/2026Q2/Diseno_de_alto_nivel_de_sistemas_electronicos/image_processing_system/HSL_Vitis/gray_kernel_prj/solution1/syn/report/csynth_design_size.rpt
Execute         send_msg_by_id INFO @200-1995@%s%s%s 86 Array/Struct (step 4) /home/jezuniga/mnt/HDD/Maestria/2026Q2/Diseno_de_alto_nivel_de_sistemas_electronicos/image_processing_system/HSL_Vitis/gray_kernel_prj/solution1/syn/report/csynth_design_size.rpt 
INFO: [HLS 200-1995] There were 86 instructions in the design after the 'Array/Struct (step 4)' phase of compilation. See the Design Size Report for more details: /home/jezuniga/mnt/HDD/Maestria/2026Q2/Diseno_de_alto_nivel_de_sistemas_electronicos/image_processing_system/HSL_Vitis/gray_kernel_prj/solution1/syn/report/csynth_design_size.rpt
Execute         send_msg_by_id INFO @200-1995@%s%s%s 92 Array/Struct (step 5) /home/jezuniga/mnt/HDD/Maestria/2026Q2/Diseno_de_alto_nivel_de_sistemas_electronicos/image_processing_system/HSL_Vitis/gray_kernel_prj/solution1/syn/report/csynth_design_size.rpt 
INFO: [HLS 200-1995] There were 92 instructions in the design after the 'Array/Struct (step 5)' phase of compilation. See the Design Size Report for more details: /home/jezuniga/mnt/HDD/Maestria/2026Q2/Diseno_de_alto_nivel_de_sistemas_electronicos/image_processing_system/HSL_Vitis/gray_kernel_prj/solution1/syn/report/csynth_design_size.rpt
Execute         send_msg_by_id INFO @200-1995@%s%s%s 92 Performance (step 1) /home/jezuniga/mnt/HDD/Maestria/2026Q2/Diseno_de_alto_nivel_de_sistemas_electronicos/image_processing_system/HSL_Vitis/gray_kernel_prj/solution1/syn/report/csynth_design_size.rpt 
INFO: [HLS 200-1995] There were 92 instructions in the design after the 'Performance (step 1)' phase of compilation. See the Design Size Report for more details: /home/jezuniga/mnt/HDD/Maestria/2026Q2/Diseno_de_alto_nivel_de_sistemas_electronicos/image_processing_system/HSL_Vitis/gray_kernel_prj/solution1/syn/report/csynth_design_size.rpt
Execute         send_msg_by_id INFO @200-1995@%s%s%s 92 Performance (step 2) /home/jezuniga/mnt/HDD/Maestria/2026Q2/Diseno_de_alto_nivel_de_sistemas_electronicos/image_processing_system/HSL_Vitis/gray_kernel_prj/solution1/syn/report/csynth_design_size.rpt 
INFO: [HLS 200-1995] There were 92 instructions in the design after the 'Performance (step 2)' phase of compilation. See the Design Size Report for more details: /home/jezuniga/mnt/HDD/Maestria/2026Q2/Diseno_de_alto_nivel_de_sistemas_electronicos/image_processing_system/HSL_Vitis/gray_kernel_prj/solution1/syn/report/csynth_design_size.rpt
Execute         send_msg_by_id INFO @200-1995@%s%s%s 91 Performance (step 3) /home/jezuniga/mnt/HDD/Maestria/2026Q2/Diseno_de_alto_nivel_de_sistemas_electronicos/image_processing_system/HSL_Vitis/gray_kernel_prj/solution1/syn/report/csynth_design_size.rpt 
INFO: [HLS 200-1995] There were 91 instructions in the design after the 'Performance (step 3)' phase of compilation. See the Design Size Report for more details: /home/jezuniga/mnt/HDD/Maestria/2026Q2/Diseno_de_alto_nivel_de_sistemas_electronicos/image_processing_system/HSL_Vitis/gray_kernel_prj/solution1/syn/report/csynth_design_size.rpt
Execute         send_msg_by_id INFO @200-1995@%s%s%s 91 Performance (step 4) /home/jezuniga/mnt/HDD/Maestria/2026Q2/Diseno_de_alto_nivel_de_sistemas_electronicos/image_processing_system/HSL_Vitis/gray_kernel_prj/solution1/syn/report/csynth_design_size.rpt 
INFO: [HLS 200-1995] There were 91 instructions in the design after the 'Performance (step 4)' phase of compilation. See the Design Size Report for more details: /home/jezuniga/mnt/HDD/Maestria/2026Q2/Diseno_de_alto_nivel_de_sistemas_electronicos/image_processing_system/HSL_Vitis/gray_kernel_prj/solution1/syn/report/csynth_design_size.rpt
Execute         send_msg_by_id INFO @200-1995@%s%s%s 95 HW Transforms (step 1) /home/jezuniga/mnt/HDD/Maestria/2026Q2/Diseno_de_alto_nivel_de_sistemas_electronicos/image_processing_system/HSL_Vitis/gray_kernel_prj/solution1/syn/report/csynth_design_size.rpt 
INFO: [HLS 200-1995] There were 95 instructions in the design after the 'HW Transforms (step 1)' phase of compilation. See the Design Size Report for more details: /home/jezuniga/mnt/HDD/Maestria/2026Q2/Diseno_de_alto_nivel_de_sistemas_electronicos/image_processing_system/HSL_Vitis/gray_kernel_prj/solution1/syn/report/csynth_design_size.rpt
Execute         send_msg_by_id INFO @200-1995@%s%s%s 110 HW Transforms (step 2) /home/jezuniga/mnt/HDD/Maestria/2026Q2/Diseno_de_alto_nivel_de_sistemas_electronicos/image_processing_system/HSL_Vitis/gray_kernel_prj/solution1/syn/report/csynth_design_size.rpt 
INFO: [HLS 200-1995] There were 110 instructions in the design after the 'HW Transforms (step 2)' phase of compilation. See the Design Size Report for more details: /home/jezuniga/mnt/HDD/Maestria/2026Q2/Diseno_de_alto_nivel_de_sistemas_electronicos/image_processing_system/HSL_Vitis/gray_kernel_prj/solution1/syn/report/csynth_design_size.rpt
INFO: [HLS 214-115] Multiple burst reads of variable length and bit width 8 in loop 'VITIS_LOOP_15_1'(gray_kernel.cpp:15:19) has been inferred on bundle 'gmem'. These burst requests might be further partitioned into multiple requests during RTL generation, based on max_read_burst_length or max_write_burst_length settings. (gray_kernel.cpp:15:19)
INFO: [HLS 214-115] Multiple burst writes of variable length and bit width 8 in loop 'VITIS_LOOP_38_1'(gray_kernel.cpp:38:19) has been inferred on bundle 'gmem'. These burst requests might be further partitioned into multiple requests during RTL generation, based on max_read_burst_length or max_write_burst_length settings. (gray_kernel.cpp:38:19)
INFO-FLOW: DBG:PUTS: copy_raw_kernel_xml ap_link_39: kernel.xml not generated: /home/jezuniga/mnt/HDD/Maestria/2026Q2/Diseno_de_alto_nivel_de_sistemas_electronicos/image_processing_system/HSL_Vitis/gray_kernel_prj/solution1/.autopilot/db/kernel.internal.xml
INFO: [HLS 200-111] Finished Compiling Optimization and Transform: CPU user time: 1.6 seconds. CPU system time: 0.61 seconds. Elapsed time: 7.05 seconds; current allocated memory: 269.336 MB.
INFO: [HLS 200-111] Finished Checking Pragmas: CPU user time: 0 seconds. CPU system time: 0 seconds. Elapsed time: 0 seconds; current allocated memory: 269.336 MB.
Execute         opt_and_import_c a -opt_level=2 -skip_syncheck=0 -ng=0 -keep_printf=0 
Execute           cleanup_all_models 
INFO: [HLS 200-10] Starting code transformations ...
INFO-FLOW: Running Standard Transforms...
Execute           transform -hls -share-std-xform -demangle-name -inline-byval-memcpy -always-inline -promote-dbg-pointer -interface-preproc -mem2reg -scalarrepl -mem2reg -keep-read-access -instcombine -dce -promote-dbg-pointer -bitop-raise -loop-simplify -indvarspre -indvars -loop-simplify -constprop -instcombine -simplifycfg -indvars -simplifycfg -dce -globaldce -basicaa -simplifycfg -mem2reg -globalopt -global-constprop -deadargelim -instcombine -simplifycfg -scalarrepl -instcombine -reassociate -licm -simplifycfg -loop-simplify -indvars -instcombine -simplifycfg -mem2reg -loop-simplify -indvars -instcombine -gvn -gvn -instcombine -adce -break-crit-edges -simplifycfg -loop-delete -global-array-opt -dce -dse -adce -find-syn-modules -top gray_kernel -deadargelim -mem2reg -instcombine -dce -presyn-prepare -interface-preproc -syn-check -check-rec-only -find-region -simplifycfg -func-extr -function-inline -globaldce -mem2reg -instcombine -dce -gvn -globaldce -adce -adse -constprop -instcombine -bit-constprop -instcombine -dce -simplifycfg -bitop-raise -simplifycfg -dce -loop-delete -reassociate -globalopt -global-privatize -mem2reg -dce -global-constprop -pointer-simplify -constprop -dce -promote-dbg-pointer -norm-name /home/jezuniga/mnt/HDD/Maestria/2026Q2/Diseno_de_alto_nivel_de_sistemas_electronicos/image_processing_system/HSL_Vitis/gray_kernel_prj/solution1/.autopilot/db/a.g.0.bc -o /home/jezuniga/mnt/HDD/Maestria/2026Q2/Diseno_de_alto_nivel_de_sistemas_electronicos/image_processing_system/HSL_Vitis/gray_kernel_prj/solution1/.autopilot/db/a.g.1.bc -f -phase std-opt 
INFO: [HLS 200-111] Finished Standard Transforms: CPU user time: 0.01 seconds. CPU system time: 0.01 seconds. Elapsed time: 0.1 seconds; current allocated memory: 269.457 MB.
INFO: [HLS 200-10] Checking synthesizability ...
INFO-FLOW: Checking Synthesizability 1/2..
Execute           transform -hls -syn-check -check-rec-only -scalarrepl -norm-name -dce -mem2reg -instcombine -directive-preproc -mem2reg -dse -dce -dce -pag -array-normalize -instcombine -dce -array-seg-normalize -instcombine -dce -data-pack -instcombine -dce -inst-simplify -array-flatten -instcombine -dce -array-burst -dce -deadargelim -promote-global-argument -simplifycfg -mem2reg -globaldce -dce -deadargelim -dce -instcombine -function-inline -globaldce -dce -doublePtrSimplify -doublePtrElim -dce -doublePtrSimplify -promote-dbg-pointer -dce -scalarrepl -dse -adse -instcombine -ptrLegalization -simplifycfg -dce -instcombine -pointer-simplify -ptrArgReplace -dce -instcombine -resolve-double-ptr -scalarrepl -norm-name -dce -mem2reg -instcombine -ptrLegalization -simplifycfg -deadargelim -instcombine -dce -inst-simplify -directive-preproc -mem2reg -dse -dce -globaldce /home/jezuniga/mnt/HDD/Maestria/2026Q2/Diseno_de_alto_nivel_de_sistemas_electronicos/image_processing_system/HSL_Vitis/gray_kernel_prj/solution1/.autopilot/db/a.g.1.bc -o /home/jezuniga/mnt/HDD/Maestria/2026Q2/Diseno_de_alto_nivel_de_sistemas_electronicos/image_processing_system/HSL_Vitis/gray_kernel_prj/solution1/.autopilot/db/a.g.2.prechk.bc -f 
INFO-FLOW: Checking Synthesizability 2/2..
Execute           transform -syn-check /home/jezuniga/mnt/HDD/Maestria/2026Q2/Diseno_de_alto_nivel_de_sistemas_electronicos/image_processing_system/HSL_Vitis/gray_kernel_prj/solution1/.autopilot/db/a.g.2.prechk.bc -o /home/jezuniga/mnt/HDD/Maestria/2026Q2/Diseno_de_alto_nivel_de_sistemas_electronicos/image_processing_system/HSL_Vitis/gray_kernel_prj/solution1/.autopilot/db/a.g.2.bc -f -phase syn-check 
INFO: [HLS 200-111] Finished Checking Synthesizability: CPU user time: 0.01 seconds. CPU system time: 0 seconds. Elapsed time: 0.02 seconds; current allocated memory: 269.484 MB.
INFO-FLOW: Compiler optimizing ...
INFO-FLOW: Share syncheck's 1.bc for syn flow: copy /home/jezuniga/mnt/HDD/Maestria/2026Q2/Diseno_de_alto_nivel_de_sistemas_electronicos/image_processing_system/HSL_Vitis/gray_kernel_prj/solution1/.autopilot/db/a.g.1.bc to /home/jezuniga/mnt/HDD/Maestria/2026Q2/Diseno_de_alto_nivel_de_sistemas_electronicos/image_processing_system/HSL_Vitis/gray_kernel_prj/solution1/.autopilot/db/a.o.1.bc
INFO-FLOW: Presyn 1...
Execute           transform -hls -tmp /home/jezuniga/mnt/HDD/Maestria/2026Q2/Diseno_de_alto_nivel_de_sistemas_electronicos/image_processing_system/HSL_Vitis/gray_kernel_prj/solution1/.autopilot/db -interface-port-rename -directive-preproc -mem2reg -dse -dce -scalarrepl -norm-name -deadargelim -mem2reg -instcombine -dce -simplifycfg -dce -resource-proc -clib-intrinsic-prepare -dce -func-buffer -dce -pag -array-normalize -func-legal -instcombine -gvn -constprop -dce -simplifycfg -mem2reg -globaldce -resolve-double-ptr -dce -deadargelim -dce -instcombine -ptrArgReplace -mem2reg -dce -array-seg-normalize -deadargelim -instcombine -dce -directive-preproc -mem2reg -dse -dce -pointer-simplify -dce -port-alignment -dce -interface-preproc -data-pack -instcombine -dce -basicaa -aggr-aa -aggrmodref-aa -aggr-aa -gvn -gvn -basicaa -aggr-aa -aggrmodref-aa -aggr-aa -dse -adse -adce -loop-simplify -indvars -instcombine -gvn -loop-simplify -mem2reg -dce -find-region -instcombine -inst-simplify -interface-preproc -cfgopt -instcombine -indvars -loop-simplify -loop-bound -constprop -instcombine -simplifycfg -indvars -simplifycfg -dce -globaldce -clean-region -attach-range -gvn -inst-simplify -constprop -simplifycfg -dce -pointer-simplify -dce -globalopt -constprop -dce -array-promote -constprop -dce -ptrArgReplace -mem2reg -simplifycfg -dce -instcombine -dce -array-transform-check -array-reshape -instcombine -simplifycfg -dce -ptrArgReplace -deadargelim -mem2reg -instcombine -simplifycfg -dce -indvars -loop-simplify -loop-bound -constprop -instcombine -simplifycfg -indvars -simplifycfg -dce -globaldce -basicaa -aggr-aa -aggrmodref-aa -aggr-aa -dse -duplicate-dataflow-processes -globaldce -instcombine -array-partition -prepare-dynamic-array-partition -instcombine -simplifycfg -dce -ptrArgReplace -global-constprop -deadargelim -mem2reg -func-legal -dce -global-constprop -deadargelim -mem2reg -simplifycfg -dce -merge-param -deadargelim -globalopt -constprop -dce -array-promote -constprop -dce -ptrArgReplace -mem2reg -simplifycfg -dce -mem-intrinsic-preproc -dce -global-internalize -global-privatize -mem2reg -globaldce -lcssa -loop-simplify -phi-select-elim -promote-global-argument -ptrArgReplace -mem2reg -dce -globalopt -mergereturn -simplify-global-access -mem2reg -dce -pointer-simplify -dce -basicaa -aggr-aa -aggrmodref-aa -aggr-aa -functionattrs -basicaa -aggr-aa -aggrmodref-aa -aggr-aa -gvn -gvn -basicaa -aggr-aa -aggrmodref-aa -aggr-aa -dse -adse -adce -dce -norm-name -basicaa -aggr-aa -aggrmodref-aa -aggr-aa -accesses-merge -function-inline -complex-op-raise -inst-simplify -globaldce -func-legal -dce -loop-bound -arraycheck -bitwidthmin2 -bitwidthmin2 -on-by-dataflow -loop-delete -instcombine -simplifycfg -globaldce -dce -gvn -deadargelim -dce -loop-simplify -clean-region -simplifycfg -propagate-stable-arguments -loop-stream -instcombine -simplifycfg -dce -globaldce -duplicate-dataflow-processes -stream-intrinsic-preproc -dce -check-ap-stream -loop-simplify -eliminate-keepreads -extract-dataflow-in-loop -loop-simplify -dce -gvn -deadargelim -dse -duplicate-dataflow-processes -check-dataflow-syntax -legalize-stream-variable -globaldce -legalize-global -extract-subproc -dce -dead-channel-elimination -canonicalize-gep -globaldce -dce -gvn -hls-dead-arg-elim -deadargelim -directive-preproc -canonicalize-dataflow -dce -globaldce -scalar-preprocessing -scalar-propagation2 -scalar-stream -deadargelim -globaldce -mem2reg -check-dataflow-channels -function-stream -dce -globaldce -prop-fifo-spec -internal-stream-gen -canonicalize-gep -globaldce -dce -gvn -deadargelim -mergereturn -indvars -loop-simplify -instcombine -array-stream -array-seg-normalize -array-partition -clean-array-spec -func-legal -instcombine -simplifycfg -dce -bundle-memfifo-ops -deadargelim -directive-preproc -mem2reg -dse -dce -group-axi-access -licm -simplifycfg -dce -loop-delete -hls-display -norm-name /home/jezuniga/mnt/HDD/Maestria/2026Q2/Diseno_de_alto_nivel_de_sistemas_electronicos/image_processing_system/HSL_Vitis/gray_kernel_prj/solution1/.autopilot/db/a.o.1.bc -o /home/jezuniga/mnt/HDD/Maestria/2026Q2/Diseno_de_alto_nivel_de_sistemas_electronicos/image_processing_system/HSL_Vitis/gray_kernel_prj/solution1/.autopilot/db/a.o.1.tmp.bc -f 
INFO: [XFORM 203-712] Applying dataflow to function 'gray_kernel' (gray_kernel.cpp:45:1), detected/extracted 4 process function(s): 
	 'entry_proc'
	 'read_stage'
	 'proc_stage'
	 'write_stage'.
INFO-FLOW: Presyn 2...
Execute           transform -hls -keep-callgraph -scalarrepl -mem2reg -port-alignment -attach-range -dce -pipe-mux-gen -indvars -loop-bound -inst-simplify -instcombine -dce -merge-array-access -mem2reg -dce -clean-region -mergereturn -if-conv -instcombine -dce -constprop -basicaa -aggr-aa -aggrmodref-aa -aggr-aa -gvn -gvn -basicaa -aggr-aa -aggrmodref-aa -aggr-aa -dse -adse -adce -scalarrepl -mem2reg -global-constprop -deadargelim -deadargelim -instcombine -dce -simplifycfg -ptrArgReplace -mem2reg -function-inline -globaldce -mem2reg -instcombine -dce -expr-balance -instcombine -dce -bitwidthmin2 -bitwidthmin2 -interface-preproc -directive-preproc -inst-rectify -instcombine -dce -basicaa -aggr-aa -aggrmodref-aa -aggr-aa -functionattrs -constprop -instcombine -bit-constprop -simplify-global-access -globalopt -globaldce -inst-simplify -instcombine -elimdeaddata -dce -loop-delete -simplifycfg -loop-simplify -barrier -norm-name /home/jezuniga/mnt/HDD/Maestria/2026Q2/Diseno_de_alto_nivel_de_sistemas_electronicos/image_processing_system/HSL_Vitis/gray_kernel_prj/solution1/.autopilot/db/a.o.1.tmp.bc -o /home/jezuniga/mnt/HDD/Maestria/2026Q2/Diseno_de_alto_nivel_de_sistemas_electronicos/image_processing_system/HSL_Vitis/gray_kernel_prj/solution1/.autopilot/db/a.o.2.bc -f -phase presyn 
INFO: [HLS 200-111] Finished Loop, function and other optimizations: CPU user time: 0.03 seconds. CPU system time: 0.01 seconds. Elapsed time: 0.05 seconds; current allocated memory: 291.816 MB.
Execute           transform -hls -auto-function-inline -globaldce -ptrArgReplace -mem2reg -dce -reset-lda -loop-simplify -indvars -aggr-aa -licm -loop-dep -loop-bound -licm -loop-simplify -loop-sink-hoist -flattenloopnest -array-flatten -gvn -instcombine -dce -array-map -dce -func-legal -gvn -adce -instcombine -cfgopt -simplifycfg-lite -loop-simplify -array-burst -promote-global-argument -dce -array-seg-normalize -basicaa -aggrmodref-aa -globalsmodref-aa -aggr-aa -gvn -gvn -basicaa -aggrmodref-aa -globalsmodref-aa -aggr-aa -dse -adse -adce -licm -inst-simplify -dce -globaldce -instcombine -array-stream -eliminate-keepreads -instcombine -dce -deadargelim -doublePtrSimplify -doublePtrElim -dce -doublePtrSimplify -promote-dbg-pointer -dce -scalarrepl -mem2reg -norm-name -mem2reg -instcombine -dse -adse -adce -ptrLegalization -dce -array-flatten -dce -instcombine -check-doubleptr -loop-rot -constprop -inst-simplify -cfgopt -simplifycfg-lite -loop-simplify -indvars -pointer-simplify -dce -loop-bound -loop-simplify -loop-preproc -constprop -global-constprop -gvn -mem2reg -instcombine -dce -loop-bound -loop-merge -dce -deadargelim -dce -canonicalize-dataflow -dce -deadargelim -globaldce -mem2reg -bram-byte-enable -inst-simplify -inst-rectify -instcombine -adce -deadargelim -load-elim -read-loop-dep -loop-simplify -loop-extract-inner -directive-preproc -bitwidthmin2 -bitwidthmin2 -read-loop-dep -interface-preproc -directive-preproc -interface-gen -bram-byte-enable-spec-prop -mul2addshift -deadargelim -inst-simplify -dce -mem2reg -instcombine -gvn -dce -adse -loop-bound -instcombine -cfgopt -simplifycfg-lite -loop-simplify -clean-region -io-protocol -find-region -mem2reg -bitop-raise -complex-op-raise -inst-simplify -inst-rectify -instcombine -adce -deadargelim -float-op-raise -loop-simplify -phi-opt -bitop-raise -cfgopt -simplifycfg-lite -strip-dead-prototypes -interface-lower -bitop-lower -intrinsic-lower -auto-function-inline -basicaa -aggrmodref-aa -globalsmodref-aa -aggr-aa -inst-simplify -simplifycfg-lite -loop-simplify -mergereturn -inst-simplify -inst-rectify -globaldce -dce -load-elim -bitop-lower -float-op-raise -fma-raise -loop-rewind -pointer-simplify -dce -cfgopt -dce -loop-bound -loop-dep -read-loop-dep -dce -dyn-mem-reuse -dce -recurrence-min -dce -share-scalar-alloca -deadargelim -dce -check-stream -norm-name -legalize -inst-clarity -bitwidth -dce -validate-dataflow -dump-loop-dep-to-ir -check-all-ssdm -dump-complexity-metric /home/jezuniga/mnt/HDD/Maestria/2026Q2/Diseno_de_alto_nivel_de_sistemas_electronicos/image_processing_system/HSL_Vitis/gray_kernel_prj/solution1/.autopilot/db/a.o.2.bc -o /home/jezuniga/mnt/HDD/Maestria/2026Q2/Diseno_de_alto_nivel_de_sistemas_electronicos/image_processing_system/HSL_Vitis/gray_kernel_prj/solution1/.autopilot/db/a.o.3.bc -f -phase build-ssdm 
Execute             auto_get_db
INFO-FLOW: Building ssdm...
Execute           transform -hls -cdfg-build /home/jezuniga/mnt/HDD/Maestria/2026Q2/Diseno_de_alto_nivel_de_sistemas_electronicos/image_processing_system/HSL_Vitis/gray_kernel_prj/solution1/.autopilot/db/a.o.3.bc -o /home/jezuniga/mnt/HDD/Maestria/2026Q2/Diseno_de_alto_nivel_de_sistemas_electronicos/image_processing_system/HSL_Vitis/gray_kernel_prj/solution1/.autopilot/db/a.o.3.bc -f -phase build-ssdm 
INFO: [HLS 200-111] Finished Architecture Synthesis: CPU user time: 0.04 seconds. CPU system time: 0.02 seconds. Elapsed time: 0.07 seconds; current allocated memory: 349.270 MB.
INFO-FLOW: Finish building internal data model.
Command         opt_and_import_c done; 0.24 sec.
Command       elaborate done; 10.66 sec.
Execute       ap_eval exec zip -j /home/jezuniga/mnt/HDD/Maestria/2026Q2/Diseno_de_alto_nivel_de_sistemas_electronicos/image_processing_system/HSL_Vitis/gray_kernel_prj/solution1/.autopilot/db/dut.hcp $dbDir/a.o.3.bc $dbDir/${topname}.rtl_wrap.cfg.tcl $dbDir/apatb_${topname}.cpp $dbDir/apatb_${topname}_util.cpp $dbDir/apatb_${topname}_ir.ll $dbDir/mapper_${topname}.cpp $dbDir/top-io-fe.xml $dbDir/kernel.internal.xml $workdir/../hls.app 
Execute       autosyn -from_csynth_design=1 
INFO: [HLS 200-10] Starting hardware synthesis ...
INFO-FLOW: Synthesizing C/C++ design ...
INFO: [HLS 200-10] Synthesizing 'gray_kernel' ...
Execute         ap_set_top_model gray_kernel 
Execute         get_model_list gray_kernel -filter all-wo-channel -topdown 
Execute         preproc_iomode -model gray_kernel 
Execute         preproc_iomode -model write_stage 
Execute         preproc_iomode -model write_stage_Pipeline_VITIS_LOOP_38_1 
Execute         preproc_iomode -model proc_stage 
Execute         preproc_iomode -model proc_stage_Pipeline_VITIS_LOOP_24_1 
Execute         preproc_iomode -model read_stage 
Execute         preproc_iomode -model read_stage_Pipeline_VITIS_LOOP_15_1 
Execute         preproc_iomode -model entry_proc 
Execute         get_model_list gray_kernel -filter all-wo-channel 
INFO-FLOW: Model list for configure: entry_proc read_stage_Pipeline_VITIS_LOOP_15_1 read_stage proc_stage_Pipeline_VITIS_LOOP_24_1 proc_stage write_stage_Pipeline_VITIS_LOOP_38_1 write_stage gray_kernel
INFO-FLOW: Configuring Module : entry_proc ...
Execute         set_default_model entry_proc 
Execute         apply_spec_resource_limit entry_proc 
INFO-FLOW: Configuring Module : read_stage_Pipeline_VITIS_LOOP_15_1 ...
Execute         set_default_model read_stage_Pipeline_VITIS_LOOP_15_1 
Execute         apply_spec_resource_limit read_stage_Pipeline_VITIS_LOOP_15_1 
INFO-FLOW: Configuring Module : read_stage ...
Execute         set_default_model read_stage 
Execute         apply_spec_resource_limit read_stage 
INFO-FLOW: Configuring Module : proc_stage_Pipeline_VITIS_LOOP_24_1 ...
Execute         set_default_model proc_stage_Pipeline_VITIS_LOOP_24_1 
Execute         apply_spec_resource_limit proc_stage_Pipeline_VITIS_LOOP_24_1 
INFO-FLOW: Configuring Module : proc_stage ...
Execute         set_default_model proc_stage 
Execute         apply_spec_resource_limit proc_stage 
INFO-FLOW: Configuring Module : write_stage_Pipeline_VITIS_LOOP_38_1 ...
Execute         set_default_model write_stage_Pipeline_VITIS_LOOP_38_1 
Execute         apply_spec_resource_limit write_stage_Pipeline_VITIS_LOOP_38_1 
INFO-FLOW: Configuring Module : write_stage ...
Execute         set_default_model write_stage 
Execute         apply_spec_resource_limit write_stage 
INFO-FLOW: Configuring Module : gray_kernel ...
Execute         set_default_model gray_kernel 
Execute         apply_spec_resource_limit gray_kernel 
INFO-FLOW: Model list for preprocess: entry_proc read_stage_Pipeline_VITIS_LOOP_15_1 read_stage proc_stage_Pipeline_VITIS_LOOP_24_1 proc_stage write_stage_Pipeline_VITIS_LOOP_38_1 write_stage gray_kernel
INFO-FLOW: Preprocessing Module: entry_proc ...
Execute         set_default_model entry_proc 
Execute         cdfg_preprocess -model entry_proc 
Execute         rtl_gen_preprocess entry_proc 
INFO-FLOW: Preprocessing Module: read_stage_Pipeline_VITIS_LOOP_15_1 ...
Execute         set_default_model read_stage_Pipeline_VITIS_LOOP_15_1 
Execute         cdfg_preprocess -model read_stage_Pipeline_VITIS_LOOP_15_1 
Execute         rtl_gen_preprocess read_stage_Pipeline_VITIS_LOOP_15_1 
INFO-FLOW: Preprocessing Module: read_stage ...
Execute         set_default_model read_stage 
Execute         cdfg_preprocess -model read_stage 
Execute         rtl_gen_preprocess read_stage 
INFO-FLOW: Preprocessing Module: proc_stage_Pipeline_VITIS_LOOP_24_1 ...
Execute         set_default_model proc_stage_Pipeline_VITIS_LOOP_24_1 
Execute         cdfg_preprocess -model proc_stage_Pipeline_VITIS_LOOP_24_1 
Execute         rtl_gen_preprocess proc_stage_Pipeline_VITIS_LOOP_24_1 
INFO-FLOW: Preprocessing Module: proc_stage ...
Execute         set_default_model proc_stage 
Execute         cdfg_preprocess -model proc_stage 
Execute         rtl_gen_preprocess proc_stage 
INFO-FLOW: Preprocessing Module: write_stage_Pipeline_VITIS_LOOP_38_1 ...
Execute         set_default_model write_stage_Pipeline_VITIS_LOOP_38_1 
Execute         cdfg_preprocess -model write_stage_Pipeline_VITIS_LOOP_38_1 
Execute         rtl_gen_preprocess write_stage_Pipeline_VITIS_LOOP_38_1 
INFO-FLOW: Preprocessing Module: write_stage ...
Execute         set_default_model write_stage 
Execute         cdfg_preprocess -model write_stage 
Execute         rtl_gen_preprocess write_stage 
INFO-FLOW: Preprocessing Module: gray_kernel ...
Execute         set_default_model gray_kernel 
Execute         cdfg_preprocess -model gray_kernel 
Execute         rtl_gen_preprocess gray_kernel 
INFO-FLOW: Model list for synthesis: entry_proc read_stage_Pipeline_VITIS_LOOP_15_1 read_stage proc_stage_Pipeline_VITIS_LOOP_24_1 proc_stage write_stage_Pipeline_VITIS_LOOP_38_1 write_stage gray_kernel
INFO: [HLS 200-10] ----------------------------------------------------------------
INFO: [HLS 200-42] -- Implementing module 'entry_proc' 
INFO: [HLS 200-10] ----------------------------------------------------------------
Execute         set_default_model entry_proc 
Execute         schedule -model entry_proc 
INFO: [SCHED 204-11] Starting scheduling ...
INFO: [SCHED 204-11] Finished scheduling.
INFO: [HLS 200-111] Finished Scheduling: CPU user time: 0.02 seconds. CPU system time: 0.03 seconds. Elapsed time: 0.1 seconds; current allocated memory: 349.352 MB.
Execute         syn_report -verbosereport -o /home/jezuniga/mnt/HDD/Maestria/2026Q2/Diseno_de_alto_nivel_de_sistemas_electronicos/image_processing_system/HSL_Vitis/gray_kernel_prj/solution1/.autopilot/db/entry_proc.verbose.sched.rpt 
Execute           list_part -family xck26-sfvc784-2LV-c 
Execute             ap_family_info -name xck26-sfvc784-2LV-c -data names 
Execute             ap_part_info -quiet -name xck26-sfvc784-2LV-c -data family 
Execute         db_write -o /home/jezuniga/mnt/HDD/Maestria/2026Q2/Diseno_de_alto_nivel_de_sistemas_electronicos/image_processing_system/HSL_Vitis/gray_kernel_prj/solution1/.autopilot/db/entry_proc.sched.adb -f 
INFO-FLOW: Finish scheduling entry_proc.
Execute         set_default_model entry_proc 
Execute         bind -model entry_proc 
INFO: [BIND 205-100] Starting micro-architecture generation ...
INFO: [BIND 205-101] Performing variable lifetime analysis.
INFO: [BIND 205-101] Exploring resource sharing.
INFO: [BIND 205-101] Binding ...
INFO: [BIND 205-100] Finished micro-architecture generation.
INFO: [HLS 200-111] Finished Binding: CPU user time: 0.01 seconds. CPU system time: 0 seconds. Elapsed time: 0.02 seconds; current allocated memory: 349.352 MB.
Execute         syn_report -verbosereport -o /home/jezuniga/mnt/HDD/Maestria/2026Q2/Diseno_de_alto_nivel_de_sistemas_electronicos/image_processing_system/HSL_Vitis/gray_kernel_prj/solution1/.autopilot/db/entry_proc.verbose.bind.rpt 
Execute           list_part -family xck26-sfvc784-2LV-c 
Execute             ap_family_info -name xck26-sfvc784-2LV-c -data names 
Execute             ap_part_info -quiet -name xck26-sfvc784-2LV-c -data family 
Execute         db_write -o /home/jezuniga/mnt/HDD/Maestria/2026Q2/Diseno_de_alto_nivel_de_sistemas_electronicos/image_processing_system/HSL_Vitis/gray_kernel_prj/solution1/.autopilot/db/entry_proc.bind.adb -f 
INFO-FLOW: Finish binding entry_proc.
INFO: [HLS 200-10] ----------------------------------------------------------------
INFO: [HLS 200-42] -- Implementing module 'read_stage_Pipeline_VITIS_LOOP_15_1' 
INFO: [HLS 200-10] ----------------------------------------------------------------
Execute         set_default_model read_stage_Pipeline_VITIS_LOOP_15_1 
Execute         schedule -model read_stage_Pipeline_VITIS_LOOP_15_1 
INFO: [SCHED 204-11] Starting scheduling ...
INFO: [SCHED 204-61] Pipelining loop 'VITIS_LOOP_15_1'.
WARNING: [HLS 200-880] The II Violation in module 'read_stage_Pipeline_VITIS_LOOP_15_1' (loop 'VITIS_LOOP_15_1'): Unable to enforce a carried dependence constraint (II = 1, distance = 1, offset = 1) between bus read operation ('gmem_addr_read_2', gray_kernel.cpp:17) on port 'gmem' (gray_kernel.cpp:17) and bus read operation ('gmem_addr_read', gray_kernel.cpp:17) on port 'gmem' (gray_kernel.cpp:17).
WARNING: [HLS 200-880] The II Violation in module 'read_stage_Pipeline_VITIS_LOOP_15_1' (loop 'VITIS_LOOP_15_1'): Unable to enforce a carried dependence constraint (II = 2, distance = 1, offset = 1) between bus read operation ('gmem_addr_read_2', gray_kernel.cpp:17) on port 'gmem' (gray_kernel.cpp:17) and bus read operation ('gmem_addr_read', gray_kernel.cpp:17) on port 'gmem' (gray_kernel.cpp:17).
INFO: [HLS 200-1470] Pipelining result : Target II = 1, Final II = 3, Depth = 5, loop 'VITIS_LOOP_15_1'
INFO: [SCHED 204-11] Finished scheduling.
INFO: [HLS 200-111] Finished Scheduling: CPU user time: 0.02 seconds. CPU system time: 0 seconds. Elapsed time: 0.03 seconds; current allocated memory: 350.316 MB.
Execute         syn_report -verbosereport -o /home/jezuniga/mnt/HDD/Maestria/2026Q2/Diseno_de_alto_nivel_de_sistemas_electronicos/image_processing_system/HSL_Vitis/gray_kernel_prj/solution1/.autopilot/db/read_stage_Pipeline_VITIS_LOOP_15_1.verbose.sched.rpt 
Execute           list_part -family xck26-sfvc784-2LV-c 
Execute             ap_family_info -name xck26-sfvc784-2LV-c -data names 
Execute             ap_part_info -quiet -name xck26-sfvc784-2LV-c -data family 
Execute         db_write -o /home/jezuniga/mnt/HDD/Maestria/2026Q2/Diseno_de_alto_nivel_de_sistemas_electronicos/image_processing_system/HSL_Vitis/gray_kernel_prj/solution1/.autopilot/db/read_stage_Pipeline_VITIS_LOOP_15_1.sched.adb -f 
INFO-FLOW: Finish scheduling read_stage_Pipeline_VITIS_LOOP_15_1.
Execute         set_default_model read_stage_Pipeline_VITIS_LOOP_15_1 
Execute         bind -model read_stage_Pipeline_VITIS_LOOP_15_1 
INFO: [BIND 205-100] Starting micro-architecture generation ...
INFO: [BIND 205-101] Performing variable lifetime analysis.
INFO: [BIND 205-101] Exploring resource sharing.
INFO: [BIND 205-101] Binding ...
INFO: [BIND 205-100] Finished micro-architecture generation.
INFO: [HLS 200-111] Finished Binding: CPU user time: 0 seconds. CPU system time: 0.01 seconds. Elapsed time: 0.02 seconds; current allocated memory: 350.316 MB.
Execute         syn_report -verbosereport -o /home/jezuniga/mnt/HDD/Maestria/2026Q2/Diseno_de_alto_nivel_de_sistemas_electronicos/image_processing_system/HSL_Vitis/gray_kernel_prj/solution1/.autopilot/db/read_stage_Pipeline_VITIS_LOOP_15_1.verbose.bind.rpt 
Execute           list_part -family xck26-sfvc784-2LV-c 
Execute             ap_family_info -name xck26-sfvc784-2LV-c -data names 
Execute             ap_part_info -quiet -name xck26-sfvc784-2LV-c -data family 
Execute         db_write -o /home/jezuniga/mnt/HDD/Maestria/2026Q2/Diseno_de_alto_nivel_de_sistemas_electronicos/image_processing_system/HSL_Vitis/gray_kernel_prj/solution1/.autopilot/db/read_stage_Pipeline_VITIS_LOOP_15_1.bind.adb -f 
INFO-FLOW: Finish binding read_stage_Pipeline_VITIS_LOOP_15_1.
INFO: [HLS 200-10] ----------------------------------------------------------------
INFO: [HLS 200-42] -- Implementing module 'read_stage' 
INFO: [HLS 200-10] ----------------------------------------------------------------
Execute         set_default_model read_stage 
Execute         schedule -model read_stage 
INFO: [SCHED 204-11] Starting scheduling ...
INFO: [SCHED 204-11] Finished scheduling.
INFO: [HLS 200-111] Finished Scheduling: CPU user time: 0.02 seconds. CPU system time: 0 seconds. Elapsed time: 0.02 seconds; current allocated memory: 350.316 MB.
Execute         syn_report -verbosereport -o /home/jezuniga/mnt/HDD/Maestria/2026Q2/Diseno_de_alto_nivel_de_sistemas_electronicos/image_processing_system/HSL_Vitis/gray_kernel_prj/solution1/.autopilot/db/read_stage.verbose.sched.rpt 
Execute           list_part -family xck26-sfvc784-2LV-c 
Execute             ap_family_info -name xck26-sfvc784-2LV-c -data names 
Execute             ap_part_info -quiet -name xck26-sfvc784-2LV-c -data family 
Execute         db_write -o /home/jezuniga/mnt/HDD/Maestria/2026Q2/Diseno_de_alto_nivel_de_sistemas_electronicos/image_processing_system/HSL_Vitis/gray_kernel_prj/solution1/.autopilot/db/read_stage.sched.adb -f 
INFO-FLOW: Finish scheduling read_stage.
Execute         set_default_model read_stage 
Execute         bind -model read_stage 
INFO: [BIND 205-100] Starting micro-architecture generation ...
INFO: [BIND 205-101] Performing variable lifetime analysis.
INFO: [BIND 205-101] Exploring resource sharing.
INFO: [BIND 205-101] Binding ...
INFO: [BIND 205-100] Finished micro-architecture generation.
INFO: [HLS 200-111] Finished Binding: CPU user time: 0.01 seconds. CPU system time: 0 seconds. Elapsed time: 0.02 seconds; current allocated memory: 350.316 MB.
Execute         syn_report -verbosereport -o /home/jezuniga/mnt/HDD/Maestria/2026Q2/Diseno_de_alto_nivel_de_sistemas_electronicos/image_processing_system/HSL_Vitis/gray_kernel_prj/solution1/.autopilot/db/read_stage.verbose.bind.rpt 
Execute           list_part -family xck26-sfvc784-2LV-c 
Execute             ap_family_info -name xck26-sfvc784-2LV-c -data names 
Execute             ap_part_info -quiet -name xck26-sfvc784-2LV-c -data family 
Execute         db_write -o /home/jezuniga/mnt/HDD/Maestria/2026Q2/Diseno_de_alto_nivel_de_sistemas_electronicos/image_processing_system/HSL_Vitis/gray_kernel_prj/solution1/.autopilot/db/read_stage.bind.adb -f 
INFO-FLOW: Finish binding read_stage.
INFO: [HLS 200-10] ----------------------------------------------------------------
INFO: [HLS 200-42] -- Implementing module 'proc_stage_Pipeline_VITIS_LOOP_24_1' 
INFO: [HLS 200-10] ----------------------------------------------------------------
Execute         set_default_model proc_stage_Pipeline_VITIS_LOOP_24_1 
Execute         schedule -model proc_stage_Pipeline_VITIS_LOOP_24_1 
INFO: [SCHED 204-11] Starting scheduling ...
INFO: [HLS 200-486] Changing DSP latency (root=add_ln31_1) to 3 in order to utilize available DSP registers.
INFO: [HLS 200-486] Changing DSP latency (root=add_ln31) to 3 in order to utilize available DSP registers.
INFO: [SCHED 204-61] Pipelining loop 'VITIS_LOOP_24_1'.
INFO: [HLS 200-1470] Pipelining result : Target II = 1, Final II = 1, Depth = 6, loop 'VITIS_LOOP_24_1'
INFO: [SCHED 204-11] Finished scheduling.
INFO: [HLS 200-111] Finished Scheduling: CPU user time: 0.02 seconds. CPU system time: 0.01 seconds. Elapsed time: 0.02 seconds; current allocated memory: 350.324 MB.
Execute         syn_report -verbosereport -o /home/jezuniga/mnt/HDD/Maestria/2026Q2/Diseno_de_alto_nivel_de_sistemas_electronicos/image_processing_system/HSL_Vitis/gray_kernel_prj/solution1/.autopilot/db/proc_stage_Pipeline_VITIS_LOOP_24_1.verbose.sched.rpt 
Execute           list_part -family xck26-sfvc784-2LV-c 
Execute             ap_family_info -name xck26-sfvc784-2LV-c -data names 
Execute             ap_part_info -quiet -name xck26-sfvc784-2LV-c -data family 
Execute         db_write -o /home/jezuniga/mnt/HDD/Maestria/2026Q2/Diseno_de_alto_nivel_de_sistemas_electronicos/image_processing_system/HSL_Vitis/gray_kernel_prj/solution1/.autopilot/db/proc_stage_Pipeline_VITIS_LOOP_24_1.sched.adb -f 
INFO-FLOW: Finish scheduling proc_stage_Pipeline_VITIS_LOOP_24_1.
Execute         set_default_model proc_stage_Pipeline_VITIS_LOOP_24_1 
Execute         bind -model proc_stage_Pipeline_VITIS_LOOP_24_1 
INFO: [BIND 205-100] Starting micro-architecture generation ...
INFO: [BIND 205-101] Performing variable lifetime analysis.
INFO: [BIND 205-101] Exploring resource sharing.
INFO: [BIND 205-101] Binding ...
INFO: [BIND 205-100] Finished micro-architecture generation.
INFO: [HLS 200-111] Finished Binding: CPU user time: 0 seconds. CPU system time: 0 seconds. Elapsed time: 0.02 seconds; current allocated memory: 350.324 MB.
Execute         syn_report -verbosereport -o /home/jezuniga/mnt/HDD/Maestria/2026Q2/Diseno_de_alto_nivel_de_sistemas_electronicos/image_processing_system/HSL_Vitis/gray_kernel_prj/solution1/.autopilot/db/proc_stage_Pipeline_VITIS_LOOP_24_1.verbose.bind.rpt 
Execute           list_part -family xck26-sfvc784-2LV-c 
Execute             ap_family_info -name xck26-sfvc784-2LV-c -data names 
Execute             ap_part_info -quiet -name xck26-sfvc784-2LV-c -data family 
Execute         db_write -o /home/jezuniga/mnt/HDD/Maestria/2026Q2/Diseno_de_alto_nivel_de_sistemas_electronicos/image_processing_system/HSL_Vitis/gray_kernel_prj/solution1/.autopilot/db/proc_stage_Pipeline_VITIS_LOOP_24_1.bind.adb -f 
INFO-FLOW: Finish binding proc_stage_Pipeline_VITIS_LOOP_24_1.
INFO: [HLS 200-10] ----------------------------------------------------------------
INFO: [HLS 200-42] -- Implementing module 'proc_stage' 
INFO: [HLS 200-10] ----------------------------------------------------------------
Execute         set_default_model proc_stage 
Execute         schedule -model proc_stage 
INFO: [SCHED 204-11] Starting scheduling ...
INFO: [SCHED 204-11] Finished scheduling.
INFO: [HLS 200-111] Finished Scheduling: CPU user time: 0.01 seconds. CPU system time: 0 seconds. Elapsed time: 0.02 seconds; current allocated memory: 350.324 MB.
Execute         syn_report -verbosereport -o /home/jezuniga/mnt/HDD/Maestria/2026Q2/Diseno_de_alto_nivel_de_sistemas_electronicos/image_processing_system/HSL_Vitis/gray_kernel_prj/solution1/.autopilot/db/proc_stage.verbose.sched.rpt 
Execute           list_part -family xck26-sfvc784-2LV-c 
Execute             ap_family_info -name xck26-sfvc784-2LV-c -data names 
Execute             ap_part_info -quiet -name xck26-sfvc784-2LV-c -data family 
Execute         db_write -o /home/jezuniga/mnt/HDD/Maestria/2026Q2/Diseno_de_alto_nivel_de_sistemas_electronicos/image_processing_system/HSL_Vitis/gray_kernel_prj/solution1/.autopilot/db/proc_stage.sched.adb -f 
INFO-FLOW: Finish scheduling proc_stage.
Execute         set_default_model proc_stage 
Execute         bind -model proc_stage 
INFO: [BIND 205-100] Starting micro-architecture generation ...
INFO: [BIND 205-101] Performing variable lifetime analysis.
INFO: [BIND 205-101] Exploring resource sharing.
INFO: [BIND 205-101] Binding ...
INFO: [BIND 205-100] Finished micro-architecture generation.
INFO: [HLS 200-111] Finished Binding: CPU user time: 0.01 seconds. CPU system time: 0.01 seconds. Elapsed time: 0.01 seconds; current allocated memory: 350.324 MB.
Execute         syn_report -verbosereport -o /home/jezuniga/mnt/HDD/Maestria/2026Q2/Diseno_de_alto_nivel_de_sistemas_electronicos/image_processing_system/HSL_Vitis/gray_kernel_prj/solution1/.autopilot/db/proc_stage.verbose.bind.rpt 
Execute           list_part -family xck26-sfvc784-2LV-c 
Execute             ap_family_info -name xck26-sfvc784-2LV-c -data names 
Execute             ap_part_info -quiet -name xck26-sfvc784-2LV-c -data family 
Execute         db_write -o /home/jezuniga/mnt/HDD/Maestria/2026Q2/Diseno_de_alto_nivel_de_sistemas_electronicos/image_processing_system/HSL_Vitis/gray_kernel_prj/solution1/.autopilot/db/proc_stage.bind.adb -f 
INFO-FLOW: Finish binding proc_stage.
INFO: [HLS 200-10] ----------------------------------------------------------------
INFO: [HLS 200-42] -- Implementing module 'write_stage_Pipeline_VITIS_LOOP_38_1' 
INFO: [HLS 200-10] ----------------------------------------------------------------
Execute         set_default_model write_stage_Pipeline_VITIS_LOOP_38_1 
Execute         schedule -model write_stage_Pipeline_VITIS_LOOP_38_1 
INFO: [SCHED 204-11] Starting scheduling ...
INFO: [SCHED 204-61] Pipelining loop 'VITIS_LOOP_38_1'.
INFO: [HLS 200-1470] Pipelining result : Target II = 1, Final II = 1, Depth = 3, loop 'VITIS_LOOP_38_1'
INFO: [SCHED 204-11] Finished scheduling.
INFO: [HLS 200-111] Finished Scheduling: CPU user time: 0.01 seconds. CPU system time: 0 seconds. Elapsed time: 0.02 seconds; current allocated memory: 350.324 MB.
Execute         syn_report -verbosereport -o /home/jezuniga/mnt/HDD/Maestria/2026Q2/Diseno_de_alto_nivel_de_sistemas_electronicos/image_processing_system/HSL_Vitis/gray_kernel_prj/solution1/.autopilot/db/write_stage_Pipeline_VITIS_LOOP_38_1.verbose.sched.rpt 
Execute           list_part -family xck26-sfvc784-2LV-c 
Execute             ap_family_info -name xck26-sfvc784-2LV-c -data names 
Execute             ap_part_info -quiet -name xck26-sfvc784-2LV-c -data family 
Execute         db_write -o /home/jezuniga/mnt/HDD/Maestria/2026Q2/Diseno_de_alto_nivel_de_sistemas_electronicos/image_processing_system/HSL_Vitis/gray_kernel_prj/solution1/.autopilot/db/write_stage_Pipeline_VITIS_LOOP_38_1.sched.adb -f 
INFO-FLOW: Finish scheduling write_stage_Pipeline_VITIS_LOOP_38_1.
Execute         set_default_model write_stage_Pipeline_VITIS_LOOP_38_1 
Execute         bind -model write_stage_Pipeline_VITIS_LOOP_38_1 
INFO: [BIND 205-100] Starting micro-architecture generation ...
INFO: [BIND 205-101] Performing variable lifetime analysis.
INFO: [BIND 205-101] Exploring resource sharing.
INFO: [BIND 205-101] Binding ...
INFO: [BIND 205-100] Finished micro-architecture generation.
INFO: [HLS 200-111] Finished Binding: CPU user time: 0.01 seconds. CPU system time: 0 seconds. Elapsed time: 0.02 seconds; current allocated memory: 350.324 MB.
Execute         syn_report -verbosereport -o /home/jezuniga/mnt/HDD/Maestria/2026Q2/Diseno_de_alto_nivel_de_sistemas_electronicos/image_processing_system/HSL_Vitis/gray_kernel_prj/solution1/.autopilot/db/write_stage_Pipeline_VITIS_LOOP_38_1.verbose.bind.rpt 
Execute           list_part -family xck26-sfvc784-2LV-c 
Execute             ap_family_info -name xck26-sfvc784-2LV-c -data names 
Execute             ap_part_info -quiet -name xck26-sfvc784-2LV-c -data family 
Execute         db_write -o /home/jezuniga/mnt/HDD/Maestria/2026Q2/Diseno_de_alto_nivel_de_sistemas_electronicos/image_processing_system/HSL_Vitis/gray_kernel_prj/solution1/.autopilot/db/write_stage_Pipeline_VITIS_LOOP_38_1.bind.adb -f 
INFO-FLOW: Finish binding write_stage_Pipeline_VITIS_LOOP_38_1.
INFO: [HLS 200-10] ----------------------------------------------------------------
INFO: [HLS 200-42] -- Implementing module 'write_stage' 
INFO: [HLS 200-10] ----------------------------------------------------------------
Execute         set_default_model write_stage 
Execute         schedule -model write_stage 
INFO: [SCHED 204-11] Starting scheduling ...
INFO: [SCHED 204-11] Finished scheduling.
INFO: [HLS 200-111] Finished Scheduling: CPU user time: 0.01 seconds. CPU system time: 0 seconds. Elapsed time: 0.02 seconds; current allocated memory: 350.324 MB.
Execute         syn_report -verbosereport -o /home/jezuniga/mnt/HDD/Maestria/2026Q2/Diseno_de_alto_nivel_de_sistemas_electronicos/image_processing_system/HSL_Vitis/gray_kernel_prj/solution1/.autopilot/db/write_stage.verbose.sched.rpt 
Execute           list_part -family xck26-sfvc784-2LV-c 
Execute             ap_family_info -name xck26-sfvc784-2LV-c -data names 
Execute             ap_part_info -quiet -name xck26-sfvc784-2LV-c -data family 
Execute         db_write -o /home/jezuniga/mnt/HDD/Maestria/2026Q2/Diseno_de_alto_nivel_de_sistemas_electronicos/image_processing_system/HSL_Vitis/gray_kernel_prj/solution1/.autopilot/db/write_stage.sched.adb -f 
INFO-FLOW: Finish scheduling write_stage.
Execute         set_default_model write_stage 
Execute         bind -model write_stage 
INFO: [BIND 205-100] Starting micro-architecture generation ...
INFO: [BIND 205-101] Performing variable lifetime analysis.
INFO: [BIND 205-101] Exploring resource sharing.
INFO: [BIND 205-101] Binding ...
INFO: [BIND 205-100] Finished micro-architecture generation.
INFO: [HLS 200-111] Finished Binding: CPU user time: 0 seconds. CPU system time: 0 seconds. Elapsed time: 0.01 seconds; current allocated memory: 350.324 MB.
Execute         syn_report -verbosereport -o /home/jezuniga/mnt/HDD/Maestria/2026Q2/Diseno_de_alto_nivel_de_sistemas_electronicos/image_processing_system/HSL_Vitis/gray_kernel_prj/solution1/.autopilot/db/write_stage.verbose.bind.rpt 
Execute           list_part -family xck26-sfvc784-2LV-c 
Execute             ap_family_info -name xck26-sfvc784-2LV-c -data names 
Execute             ap_part_info -quiet -name xck26-sfvc784-2LV-c -data family 
Execute         db_write -o /home/jezuniga/mnt/HDD/Maestria/2026Q2/Diseno_de_alto_nivel_de_sistemas_electronicos/image_processing_system/HSL_Vitis/gray_kernel_prj/solution1/.autopilot/db/write_stage.bind.adb -f 
INFO-FLOW: Finish binding write_stage.
INFO: [HLS 200-10] ----------------------------------------------------------------
INFO: [HLS 200-42] -- Implementing module 'gray_kernel' 
INFO: [HLS 200-10] ----------------------------------------------------------------
Execute         set_default_model gray_kernel 
Execute         schedule -model gray_kernel 
INFO: [SCHED 204-11] Starting scheduling ...
INFO: [SCHED 204-11] Finished scheduling.
WARNING: [HLS 200-1020] Increasing the depth of FIFO start_for_write_stage_U0 (from entry_proc_U0 to write_stage_U0) to 3 to improve performance and/or avoid deadlocks.
INFO: [HLS 200-111] Finished Scheduling: CPU user time: 0.02 seconds. CPU system time: 0 seconds. Elapsed time: 0.03 seconds; current allocated memory: 350.324 MB.
Execute         syn_report -verbosereport -o /home/jezuniga/mnt/HDD/Maestria/2026Q2/Diseno_de_alto_nivel_de_sistemas_electronicos/image_processing_system/HSL_Vitis/gray_kernel_prj/solution1/.autopilot/db/gray_kernel.verbose.sched.rpt 
Execute           list_part -family xck26-sfvc784-2LV-c 
Execute             ap_family_info -name xck26-sfvc784-2LV-c -data names 
Execute             ap_part_info -quiet -name xck26-sfvc784-2LV-c -data family 
Execute         db_write -o /home/jezuniga/mnt/HDD/Maestria/2026Q2/Diseno_de_alto_nivel_de_sistemas_electronicos/image_processing_system/HSL_Vitis/gray_kernel_prj/solution1/.autopilot/db/gray_kernel.sched.adb -f 
INFO-FLOW: Finish scheduling gray_kernel.
Execute         set_default_model gray_kernel 
Execute         bind -model gray_kernel 
INFO: [BIND 205-100] Starting micro-architecture generation ...
INFO: [BIND 205-101] Performing variable lifetime analysis.
INFO: [BIND 205-101] Exploring resource sharing.
INFO: [BIND 205-101] Binding ...
INFO: [BIND 205-100] Finished micro-architecture generation.
INFO: [HLS 200-111] Finished Binding: CPU user time: 0.01 seconds. CPU system time: 0 seconds. Elapsed time: 0.01 seconds; current allocated memory: 350.324 MB.
Execute         syn_report -verbosereport -o /home/jezuniga/mnt/HDD/Maestria/2026Q2/Diseno_de_alto_nivel_de_sistemas_electronicos/image_processing_system/HSL_Vitis/gray_kernel_prj/solution1/.autopilot/db/gray_kernel.verbose.bind.rpt 
Execute           list_part -family xck26-sfvc784-2LV-c 
Execute             ap_family_info -name xck26-sfvc784-2LV-c -data names 
Execute             ap_part_info -quiet -name xck26-sfvc784-2LV-c -data family 
Execute         db_write -o /home/jezuniga/mnt/HDD/Maestria/2026Q2/Diseno_de_alto_nivel_de_sistemas_electronicos/image_processing_system/HSL_Vitis/gray_kernel_prj/solution1/.autopilot/db/gray_kernel.bind.adb -f 
INFO-FLOW: Finish binding gray_kernel.
Execute         get_model_list gray_kernel -filter all-wo-channel 
INFO-FLOW: Preprocessing for RTLGen ...
Execute         rtl_gen_preprocess entry_proc 
Execute         rtl_gen_preprocess read_stage_Pipeline_VITIS_LOOP_15_1 
Execute         rtl_gen_preprocess read_stage 
Execute         rtl_gen_preprocess proc_stage_Pipeline_VITIS_LOOP_24_1 
Execute         rtl_gen_preprocess proc_stage 
Execute         rtl_gen_preprocess write_stage_Pipeline_VITIS_LOOP_38_1 
Execute         rtl_gen_preprocess write_stage 
Execute         rtl_gen_preprocess gray_kernel 
INFO-FLOW: Model list for RTL generation: entry_proc read_stage_Pipeline_VITIS_LOOP_15_1 read_stage proc_stage_Pipeline_VITIS_LOOP_24_1 proc_stage write_stage_Pipeline_VITIS_LOOP_38_1 write_stage gray_kernel
INFO: [HLS 200-10] ----------------------------------------------------------------
INFO: [HLS 200-10] -- Generating RTL for module 'entry_proc' 
INFO: [HLS 200-10] ----------------------------------------------------------------
Execute         create_rtl_model entry_proc -top_prefix gray_kernel_ -sub_prefix gray_kernel_ -mg_file /home/jezuniga/mnt/HDD/Maestria/2026Q2/Diseno_de_alto_nivel_de_sistemas_electronicos/image_processing_system/HSL_Vitis/gray_kernel_prj/solution1/.autopilot/db/entry_proc.compgen.tcl 
INFO: [RTGEN 206-100] Finished creating RTL model for 'entry_proc'.
INFO: [HLS 200-111] Finished Creating RTL model: CPU user time: 0.01 seconds. CPU system time: 0 seconds. Elapsed time: 0.04 seconds; current allocated memory: 350.324 MB.
Execute         source /home/jezuniga/mnt/HDD/Maestria/2026Q2/Diseno_de_alto_nivel_de_sistemas_electronicos/image_processing_system/HSL_Vitis/gray_kernel_prj/solution1/.autopilot/db/gray_kernel.rtl_wrap.cfg.tcl 
Execute         gen_rtl entry_proc -style xilinx -f -lang vhdl -o /home/jezuniga/mnt/HDD/Maestria/2026Q2/Diseno_de_alto_nivel_de_sistemas_electronicos/image_processing_system/HSL_Vitis/gray_kernel_prj/solution1/syn/vhdl/gray_kernel_entry_proc 
Execute         gen_rtl entry_proc -style xilinx -f -lang vlog -o /home/jezuniga/mnt/HDD/Maestria/2026Q2/Diseno_de_alto_nivel_de_sistemas_electronicos/image_processing_system/HSL_Vitis/gray_kernel_prj/solution1/syn/verilog/gray_kernel_entry_proc 
Execute         syn_report -csynth -model entry_proc -o /home/jezuniga/mnt/HDD/Maestria/2026Q2/Diseno_de_alto_nivel_de_sistemas_electronicos/image_processing_system/HSL_Vitis/gray_kernel_prj/solution1/syn/report/entry_proc_csynth.rpt 
Execute           list_part -family xck26-sfvc784-2LV-c 
Execute             ap_family_info -name xck26-sfvc784-2LV-c -data names 
Execute             ap_part_info -quiet -name xck26-sfvc784-2LV-c -data family 
Execute         syn_report -rtlxml -model entry_proc -o /home/jezuniga/mnt/HDD/Maestria/2026Q2/Diseno_de_alto_nivel_de_sistemas_electronicos/image_processing_system/HSL_Vitis/gray_kernel_prj/solution1/syn/report/entry_proc_csynth.xml 
Execute           list_part -family xck26-sfvc784-2LV-c 
Execute             ap_family_info -name xck26-sfvc784-2LV-c -data names 
Execute             ap_part_info -quiet -name xck26-sfvc784-2LV-c -data family 
Execute         syn_report -verbosereport -model entry_proc -o /home/jezuniga/mnt/HDD/Maestria/2026Q2/Diseno_de_alto_nivel_de_sistemas_electronicos/image_processing_system/HSL_Vitis/gray_kernel_prj/solution1/.autopilot/db/entry_proc.verbose.rpt 
Execute           list_part -family xck26-sfvc784-2LV-c 
Execute             ap_family_info -name xck26-sfvc784-2LV-c -data names 
Execute             ap_part_info -quiet -name xck26-sfvc784-2LV-c -data family 
Execute         db_write -model entry_proc -f -o /home/jezuniga/mnt/HDD/Maestria/2026Q2/Diseno_de_alto_nivel_de_sistemas_electronicos/image_processing_system/HSL_Vitis/gray_kernel_prj/solution1/.autopilot/db/entry_proc.adb 
Execute         db_write -model entry_proc -bindview -o /home/jezuniga/mnt/HDD/Maestria/2026Q2/Diseno_de_alto_nivel_de_sistemas_electronicos/image_processing_system/HSL_Vitis/gray_kernel_prj/solution1/.autopilot/db/design.bindinfo.xml 
Execute         gen_tb_info entry_proc -p /home/jezuniga/mnt/HDD/Maestria/2026Q2/Diseno_de_alto_nivel_de_sistemas_electronicos/image_processing_system/HSL_Vitis/gray_kernel_prj/solution1/.autopilot/db -o /home/jezuniga/mnt/HDD/Maestria/2026Q2/Diseno_de_alto_nivel_de_sistemas_electronicos/image_processing_system/HSL_Vitis/gray_kernel_prj/solution1/.autopilot/db/entry_proc 
INFO: [HLS 200-10] ----------------------------------------------------------------
INFO: [HLS 200-10] -- Generating RTL for module 'read_stage_Pipeline_VITIS_LOOP_15_1' 
INFO: [HLS 200-10] ----------------------------------------------------------------
Execute         create_rtl_model read_stage_Pipeline_VITIS_LOOP_15_1 -top_prefix gray_kernel_ -sub_prefix gray_kernel_ -mg_file /home/jezuniga/mnt/HDD/Maestria/2026Q2/Diseno_de_alto_nivel_de_sistemas_electronicos/image_processing_system/HSL_Vitis/gray_kernel_prj/solution1/.autopilot/db/read_stage_Pipeline_VITIS_LOOP_15_1.compgen.tcl 
INFO: [HLS 200-1030] Apply Unified Pipeline Control on module 'read_stage_Pipeline_VITIS_LOOP_15_1' pipeline 'VITIS_LOOP_15_1' pipeline type 'loop pipeline'
WARNING: [RTGEN 206-101] Setting dangling out port 'read_stage_Pipeline_VITIS_LOOP_15_1/m_axi_gmem_ARVALID' to 0.
WARNING: [RTGEN 206-101] Setting dangling out port 'read_stage_Pipeline_VITIS_LOOP_15_1/m_axi_gmem_ARADDR' to 0.
WARNING: [RTGEN 206-101] Setting dangling out port 'read_stage_Pipeline_VITIS_LOOP_15_1/m_axi_gmem_ARID' to 0.
WARNING: [RTGEN 206-101] Setting dangling out port 'read_stage_Pipeline_VITIS_LOOP_15_1/m_axi_gmem_ARLEN' to 0.
WARNING: [RTGEN 206-101] Setting dangling out port 'read_stage_Pipeline_VITIS_LOOP_15_1/m_axi_gmem_ARSIZE' to 0.
WARNING: [RTGEN 206-101] Setting dangling out port 'read_stage_Pipeline_VITIS_LOOP_15_1/m_axi_gmem_ARBURST' to 0.
WARNING: [RTGEN 206-101] Setting dangling out port 'read_stage_Pipeline_VITIS_LOOP_15_1/m_axi_gmem_ARLOCK' to 0.
WARNING: [RTGEN 206-101] Setting dangling out port 'read_stage_Pipeline_VITIS_LOOP_15_1/m_axi_gmem_ARCACHE' to 0.
WARNING: [RTGEN 206-101] Setting dangling out port 'read_stage_Pipeline_VITIS_LOOP_15_1/m_axi_gmem_ARPROT' to 0.
WARNING: [RTGEN 206-101] Setting dangling out port 'read_stage_Pipeline_VITIS_LOOP_15_1/m_axi_gmem_ARQOS' to 0.
WARNING: [RTGEN 206-101] Setting dangling out port 'read_stage_Pipeline_VITIS_LOOP_15_1/m_axi_gmem_ARREGION' to 0.
WARNING: [RTGEN 206-101] Setting dangling out port 'read_stage_Pipeline_VITIS_LOOP_15_1/m_axi_gmem_ARUSER' to 0.
INFO: [RTGEN 206-100] Finished creating RTL model for 'read_stage_Pipeline_VITIS_LOOP_15_1'.
INFO: [HLS 200-111] Finished Creating RTL model: CPU user time: 0.03 seconds. CPU system time: 0.02 seconds. Elapsed time: 0.06 seconds; current allocated memory: 350.707 MB.
Execute         source /home/jezuniga/mnt/HDD/Maestria/2026Q2/Diseno_de_alto_nivel_de_sistemas_electronicos/image_processing_system/HSL_Vitis/gray_kernel_prj/solution1/.autopilot/db/gray_kernel.rtl_wrap.cfg.tcl 
Execute         gen_rtl read_stage_Pipeline_VITIS_LOOP_15_1 -style xilinx -f -lang vhdl -o /home/jezuniga/mnt/HDD/Maestria/2026Q2/Diseno_de_alto_nivel_de_sistemas_electronicos/image_processing_system/HSL_Vitis/gray_kernel_prj/solution1/syn/vhdl/gray_kernel_read_stage_Pipeline_VITIS_LOOP_15_1 
Execute         gen_rtl read_stage_Pipeline_VITIS_LOOP_15_1 -style xilinx -f -lang vlog -o /home/jezuniga/mnt/HDD/Maestria/2026Q2/Diseno_de_alto_nivel_de_sistemas_electronicos/image_processing_system/HSL_Vitis/gray_kernel_prj/solution1/syn/verilog/gray_kernel_read_stage_Pipeline_VITIS_LOOP_15_1 
Execute         syn_report -csynth -model read_stage_Pipeline_VITIS_LOOP_15_1 -o /home/jezuniga/mnt/HDD/Maestria/2026Q2/Diseno_de_alto_nivel_de_sistemas_electronicos/image_processing_system/HSL_Vitis/gray_kernel_prj/solution1/syn/report/read_stage_Pipeline_VITIS_LOOP_15_1_csynth.rpt 
Execute           list_part -family xck26-sfvc784-2LV-c 
Execute             ap_family_info -name xck26-sfvc784-2LV-c -data names 
Execute             ap_part_info -quiet -name xck26-sfvc784-2LV-c -data family 
Execute         syn_report -rtlxml -model read_stage_Pipeline_VITIS_LOOP_15_1 -o /home/jezuniga/mnt/HDD/Maestria/2026Q2/Diseno_de_alto_nivel_de_sistemas_electronicos/image_processing_system/HSL_Vitis/gray_kernel_prj/solution1/syn/report/read_stage_Pipeline_VITIS_LOOP_15_1_csynth.xml 
Execute           list_part -family xck26-sfvc784-2LV-c 
Execute             ap_family_info -name xck26-sfvc784-2LV-c -data names 
Execute             ap_part_info -quiet -name xck26-sfvc784-2LV-c -data family 
Execute         syn_report -verbosereport -model read_stage_Pipeline_VITIS_LOOP_15_1 -o /home/jezuniga/mnt/HDD/Maestria/2026Q2/Diseno_de_alto_nivel_de_sistemas_electronicos/image_processing_system/HSL_Vitis/gray_kernel_prj/solution1/.autopilot/db/read_stage_Pipeline_VITIS_LOOP_15_1.verbose.rpt 
Execute           list_part -family xck26-sfvc784-2LV-c 
Execute             ap_family_info -name xck26-sfvc784-2LV-c -data names 
Execute             ap_part_info -quiet -name xck26-sfvc784-2LV-c -data family 
Execute         db_write -model read_stage_Pipeline_VITIS_LOOP_15_1 -f -o /home/jezuniga/mnt/HDD/Maestria/2026Q2/Diseno_de_alto_nivel_de_sistemas_electronicos/image_processing_system/HSL_Vitis/gray_kernel_prj/solution1/.autopilot/db/read_stage_Pipeline_VITIS_LOOP_15_1.adb 
Execute         db_write -model read_stage_Pipeline_VITIS_LOOP_15_1 -bindview -o /home/jezuniga/mnt/HDD/Maestria/2026Q2/Diseno_de_alto_nivel_de_sistemas_electronicos/image_processing_system/HSL_Vitis/gray_kernel_prj/solution1/.autopilot/db/design.bindinfo.xml 
Execute         gen_tb_info read_stage_Pipeline_VITIS_LOOP_15_1 -p /home/jezuniga/mnt/HDD/Maestria/2026Q2/Diseno_de_alto_nivel_de_sistemas_electronicos/image_processing_system/HSL_Vitis/gray_kernel_prj/solution1/.autopilot/db -o /home/jezuniga/mnt/HDD/Maestria/2026Q2/Diseno_de_alto_nivel_de_sistemas_electronicos/image_processing_system/HSL_Vitis/gray_kernel_prj/solution1/.autopilot/db/read_stage_Pipeline_VITIS_LOOP_15_1 
INFO: [HLS 200-10] ----------------------------------------------------------------
INFO: [HLS 200-10] -- Generating RTL for module 'read_stage' 
INFO: [HLS 200-10] ----------------------------------------------------------------
Execute         create_rtl_model read_stage -top_prefix gray_kernel_ -sub_prefix gray_kernel_ -mg_file /home/jezuniga/mnt/HDD/Maestria/2026Q2/Diseno_de_alto_nivel_de_sistemas_electronicos/image_processing_system/HSL_Vitis/gray_kernel_prj/solution1/.autopilot/db/read_stage.compgen.tcl 
INFO: [RTGEN 206-100] Finished creating RTL model for 'read_stage'.
INFO: [HLS 200-111] Finished Creating RTL model: CPU user time: 0.02 seconds. CPU system time: 0.01 seconds. Elapsed time: 0.05 seconds; current allocated memory: 351.812 MB.
Execute         source /home/jezuniga/mnt/HDD/Maestria/2026Q2/Diseno_de_alto_nivel_de_sistemas_electronicos/image_processing_system/HSL_Vitis/gray_kernel_prj/solution1/.autopilot/db/gray_kernel.rtl_wrap.cfg.tcl 
Execute         gen_rtl read_stage -style xilinx -f -lang vhdl -o /home/jezuniga/mnt/HDD/Maestria/2026Q2/Diseno_de_alto_nivel_de_sistemas_electronicos/image_processing_system/HSL_Vitis/gray_kernel_prj/solution1/syn/vhdl/gray_kernel_read_stage 
Execute         gen_rtl read_stage -style xilinx -f -lang vlog -o /home/jezuniga/mnt/HDD/Maestria/2026Q2/Diseno_de_alto_nivel_de_sistemas_electronicos/image_processing_system/HSL_Vitis/gray_kernel_prj/solution1/syn/verilog/gray_kernel_read_stage 
Execute         syn_report -csynth -model read_stage -o /home/jezuniga/mnt/HDD/Maestria/2026Q2/Diseno_de_alto_nivel_de_sistemas_electronicos/image_processing_system/HSL_Vitis/gray_kernel_prj/solution1/syn/report/read_stage_csynth.rpt 
Execute           list_part -family xck26-sfvc784-2LV-c 
Execute             ap_family_info -name xck26-sfvc784-2LV-c -data names 
Execute             ap_part_info -quiet -name xck26-sfvc784-2LV-c -data family 
Execute         syn_report -rtlxml -model read_stage -o /home/jezuniga/mnt/HDD/Maestria/2026Q2/Diseno_de_alto_nivel_de_sistemas_electronicos/image_processing_system/HSL_Vitis/gray_kernel_prj/solution1/syn/report/read_stage_csynth.xml 
Execute           list_part -family xck26-sfvc784-2LV-c 
Execute             ap_family_info -name xck26-sfvc784-2LV-c -data names 
Execute             ap_part_info -quiet -name xck26-sfvc784-2LV-c -data family 
Execute         syn_report -verbosereport -model read_stage -o /home/jezuniga/mnt/HDD/Maestria/2026Q2/Diseno_de_alto_nivel_de_sistemas_electronicos/image_processing_system/HSL_Vitis/gray_kernel_prj/solution1/.autopilot/db/read_stage.verbose.rpt 
Execute           list_part -family xck26-sfvc784-2LV-c 
Execute             ap_family_info -name xck26-sfvc784-2LV-c -data names 
Execute             ap_part_info -quiet -name xck26-sfvc784-2LV-c -data family 
Execute         db_write -model read_stage -f -o /home/jezuniga/mnt/HDD/Maestria/2026Q2/Diseno_de_alto_nivel_de_sistemas_electronicos/image_processing_system/HSL_Vitis/gray_kernel_prj/solution1/.autopilot/db/read_stage.adb 
Execute         db_write -model read_stage -bindview -o /home/jezuniga/mnt/HDD/Maestria/2026Q2/Diseno_de_alto_nivel_de_sistemas_electronicos/image_processing_system/HSL_Vitis/gray_kernel_prj/solution1/.autopilot/db/design.bindinfo.xml 
Execute         gen_tb_info read_stage -p /home/jezuniga/mnt/HDD/Maestria/2026Q2/Diseno_de_alto_nivel_de_sistemas_electronicos/image_processing_system/HSL_Vitis/gray_kernel_prj/solution1/.autopilot/db -o /home/jezuniga/mnt/HDD/Maestria/2026Q2/Diseno_de_alto_nivel_de_sistemas_electronicos/image_processing_system/HSL_Vitis/gray_kernel_prj/solution1/.autopilot/db/read_stage 
INFO: [HLS 200-10] ----------------------------------------------------------------
INFO: [HLS 200-10] -- Generating RTL for module 'proc_stage_Pipeline_VITIS_LOOP_24_1' 
INFO: [HLS 200-10] ----------------------------------------------------------------
Execute         create_rtl_model proc_stage_Pipeline_VITIS_LOOP_24_1 -top_prefix gray_kernel_ -sub_prefix gray_kernel_ -mg_file /home/jezuniga/mnt/HDD/Maestria/2026Q2/Diseno_de_alto_nivel_de_sistemas_electronicos/image_processing_system/HSL_Vitis/gray_kernel_prj/solution1/.autopilot/db/proc_stage_Pipeline_VITIS_LOOP_24_1.compgen.tcl 
INFO: [HLS 200-1030] Apply Unified Pipeline Control on module 'proc_stage_Pipeline_VITIS_LOOP_24_1' pipeline 'VITIS_LOOP_24_1' pipeline type 'loop pipeline'
INFO: [RTGEN 206-100] Generating core module 'mac_muladd_10ns_8ns_17ns_18_4_1': 1 instance(s).
INFO: [RTGEN 206-100] Generating core module 'mac_muladd_8ns_7ns_17ns_17_4_1': 1 instance(s).
INFO: [RTGEN 206-100] Generating core module 'mul_8ns_10ns_17_1_1': 1 instance(s).
INFO: [RTGEN 206-100] Finished creating RTL model for 'proc_stage_Pipeline_VITIS_LOOP_24_1'.
INFO: [HLS 200-111] Finished Creating RTL model: CPU user time: 0.02 seconds. CPU system time: 0.02 seconds. Elapsed time: 0.06 seconds; current allocated memory: 352.730 MB.
Execute         source /home/jezuniga/mnt/HDD/Maestria/2026Q2/Diseno_de_alto_nivel_de_sistemas_electronicos/image_processing_system/HSL_Vitis/gray_kernel_prj/solution1/.autopilot/db/gray_kernel.rtl_wrap.cfg.tcl 
Execute         gen_rtl proc_stage_Pipeline_VITIS_LOOP_24_1 -style xilinx -f -lang vhdl -o /home/jezuniga/mnt/HDD/Maestria/2026Q2/Diseno_de_alto_nivel_de_sistemas_electronicos/image_processing_system/HSL_Vitis/gray_kernel_prj/solution1/syn/vhdl/gray_kernel_proc_stage_Pipeline_VITIS_LOOP_24_1 
Execute         gen_rtl proc_stage_Pipeline_VITIS_LOOP_24_1 -style xilinx -f -lang vlog -o /home/jezuniga/mnt/HDD/Maestria/2026Q2/Diseno_de_alto_nivel_de_sistemas_electronicos/image_processing_system/HSL_Vitis/gray_kernel_prj/solution1/syn/verilog/gray_kernel_proc_stage_Pipeline_VITIS_LOOP_24_1 
Execute         syn_report -csynth -model proc_stage_Pipeline_VITIS_LOOP_24_1 -o /home/jezuniga/mnt/HDD/Maestria/2026Q2/Diseno_de_alto_nivel_de_sistemas_electronicos/image_processing_system/HSL_Vitis/gray_kernel_prj/solution1/syn/report/proc_stage_Pipeline_VITIS_LOOP_24_1_csynth.rpt 
Execute           list_part -family xck26-sfvc784-2LV-c 
Execute             ap_family_info -name xck26-sfvc784-2LV-c -data names 
Execute             ap_part_info -quiet -name xck26-sfvc784-2LV-c -data family 
Execute         syn_report -rtlxml -model proc_stage_Pipeline_VITIS_LOOP_24_1 -o /home/jezuniga/mnt/HDD/Maestria/2026Q2/Diseno_de_alto_nivel_de_sistemas_electronicos/image_processing_system/HSL_Vitis/gray_kernel_prj/solution1/syn/report/proc_stage_Pipeline_VITIS_LOOP_24_1_csynth.xml 
Execute           list_part -family xck26-sfvc784-2LV-c 
Execute             ap_family_info -name xck26-sfvc784-2LV-c -data names 
Execute             ap_part_info -quiet -name xck26-sfvc784-2LV-c -data family 
Execute         syn_report -verbosereport -model proc_stage_Pipeline_VITIS_LOOP_24_1 -o /home/jezuniga/mnt/HDD/Maestria/2026Q2/Diseno_de_alto_nivel_de_sistemas_electronicos/image_processing_system/HSL_Vitis/gray_kernel_prj/solution1/.autopilot/db/proc_stage_Pipeline_VITIS_LOOP_24_1.verbose.rpt 
Execute           list_part -family xck26-sfvc784-2LV-c 
Execute             ap_family_info -name xck26-sfvc784-2LV-c -data names 
Execute             ap_part_info -quiet -name xck26-sfvc784-2LV-c -data family 
Execute         db_write -model proc_stage_Pipeline_VITIS_LOOP_24_1 -f -o /home/jezuniga/mnt/HDD/Maestria/2026Q2/Diseno_de_alto_nivel_de_sistemas_electronicos/image_processing_system/HSL_Vitis/gray_kernel_prj/solution1/.autopilot/db/proc_stage_Pipeline_VITIS_LOOP_24_1.adb 
Execute         db_write -model proc_stage_Pipeline_VITIS_LOOP_24_1 -bindview -o /home/jezuniga/mnt/HDD/Maestria/2026Q2/Diseno_de_alto_nivel_de_sistemas_electronicos/image_processing_system/HSL_Vitis/gray_kernel_prj/solution1/.autopilot/db/design.bindinfo.xml 
Execute         gen_tb_info proc_stage_Pipeline_VITIS_LOOP_24_1 -p /home/jezuniga/mnt/HDD/Maestria/2026Q2/Diseno_de_alto_nivel_de_sistemas_electronicos/image_processing_system/HSL_Vitis/gray_kernel_prj/solution1/.autopilot/db -o /home/jezuniga/mnt/HDD/Maestria/2026Q2/Diseno_de_alto_nivel_de_sistemas_electronicos/image_processing_system/HSL_Vitis/gray_kernel_prj/solution1/.autopilot/db/proc_stage_Pipeline_VITIS_LOOP_24_1 
INFO: [HLS 200-10] ----------------------------------------------------------------
INFO: [HLS 200-10] -- Generating RTL for module 'proc_stage' 
INFO: [HLS 200-10] ----------------------------------------------------------------
Execute         create_rtl_model proc_stage -top_prefix gray_kernel_ -sub_prefix gray_kernel_ -mg_file /home/jezuniga/mnt/HDD/Maestria/2026Q2/Diseno_de_alto_nivel_de_sistemas_electronicos/image_processing_system/HSL_Vitis/gray_kernel_prj/solution1/.autopilot/db/proc_stage.compgen.tcl 
INFO: [RTGEN 206-100] Finished creating RTL model for 'proc_stage'.
INFO: [HLS 200-111] Finished Creating RTL model: CPU user time: 0.02 seconds. CPU system time: 0.02 seconds. Elapsed time: 0.06 seconds; current allocated memory: 353.641 MB.
Execute         source /home/jezuniga/mnt/HDD/Maestria/2026Q2/Diseno_de_alto_nivel_de_sistemas_electronicos/image_processing_system/HSL_Vitis/gray_kernel_prj/solution1/.autopilot/db/gray_kernel.rtl_wrap.cfg.tcl 
Execute         gen_rtl proc_stage -style xilinx -f -lang vhdl -o /home/jezuniga/mnt/HDD/Maestria/2026Q2/Diseno_de_alto_nivel_de_sistemas_electronicos/image_processing_system/HSL_Vitis/gray_kernel_prj/solution1/syn/vhdl/gray_kernel_proc_stage 
Execute         gen_rtl proc_stage -style xilinx -f -lang vlog -o /home/jezuniga/mnt/HDD/Maestria/2026Q2/Diseno_de_alto_nivel_de_sistemas_electronicos/image_processing_system/HSL_Vitis/gray_kernel_prj/solution1/syn/verilog/gray_kernel_proc_stage 
Execute         syn_report -csynth -model proc_stage -o /home/jezuniga/mnt/HDD/Maestria/2026Q2/Diseno_de_alto_nivel_de_sistemas_electronicos/image_processing_system/HSL_Vitis/gray_kernel_prj/solution1/syn/report/proc_stage_csynth.rpt 
Execute           list_part -family xck26-sfvc784-2LV-c 
Execute             ap_family_info -name xck26-sfvc784-2LV-c -data names 
Execute             ap_part_info -quiet -name xck26-sfvc784-2LV-c -data family 
Execute         syn_report -rtlxml -model proc_stage -o /home/jezuniga/mnt/HDD/Maestria/2026Q2/Diseno_de_alto_nivel_de_sistemas_electronicos/image_processing_system/HSL_Vitis/gray_kernel_prj/solution1/syn/report/proc_stage_csynth.xml 
Execute           list_part -family xck26-sfvc784-2LV-c 
Execute             ap_family_info -name xck26-sfvc784-2LV-c -data names 
Execute             ap_part_info -quiet -name xck26-sfvc784-2LV-c -data family 
Execute         syn_report -verbosereport -model proc_stage -o /home/jezuniga/mnt/HDD/Maestria/2026Q2/Diseno_de_alto_nivel_de_sistemas_electronicos/image_processing_system/HSL_Vitis/gray_kernel_prj/solution1/.autopilot/db/proc_stage.verbose.rpt 
Execute           list_part -family xck26-sfvc784-2LV-c 
Execute             ap_family_info -name xck26-sfvc784-2LV-c -data names 
Execute             ap_part_info -quiet -name xck26-sfvc784-2LV-c -data family 
Execute         db_write -model proc_stage -f -o /home/jezuniga/mnt/HDD/Maestria/2026Q2/Diseno_de_alto_nivel_de_sistemas_electronicos/image_processing_system/HSL_Vitis/gray_kernel_prj/solution1/.autopilot/db/proc_stage.adb 
Execute         db_write -model proc_stage -bindview -o /home/jezuniga/mnt/HDD/Maestria/2026Q2/Diseno_de_alto_nivel_de_sistemas_electronicos/image_processing_system/HSL_Vitis/gray_kernel_prj/solution1/.autopilot/db/design.bindinfo.xml 
Execute         gen_tb_info proc_stage -p /home/jezuniga/mnt/HDD/Maestria/2026Q2/Diseno_de_alto_nivel_de_sistemas_electronicos/image_processing_system/HSL_Vitis/gray_kernel_prj/solution1/.autopilot/db -o /home/jezuniga/mnt/HDD/Maestria/2026Q2/Diseno_de_alto_nivel_de_sistemas_electronicos/image_processing_system/HSL_Vitis/gray_kernel_prj/solution1/.autopilot/db/proc_stage 
INFO: [HLS 200-10] ----------------------------------------------------------------
INFO: [HLS 200-10] -- Generating RTL for module 'write_stage_Pipeline_VITIS_LOOP_38_1' 
INFO: [HLS 200-10] ----------------------------------------------------------------
Execute         create_rtl_model write_stage_Pipeline_VITIS_LOOP_38_1 -top_prefix gray_kernel_ -sub_prefix gray_kernel_ -mg_file /home/jezuniga/mnt/HDD/Maestria/2026Q2/Diseno_de_alto_nivel_de_sistemas_electronicos/image_processing_system/HSL_Vitis/gray_kernel_prj/solution1/.autopilot/db/write_stage_Pipeline_VITIS_LOOP_38_1.compgen.tcl 
INFO: [HLS 200-1030] Apply Unified Pipeline Control on module 'write_stage_Pipeline_VITIS_LOOP_38_1' pipeline 'VITIS_LOOP_38_1' pipeline type 'loop pipeline'
WARNING: [RTGEN 206-101] Setting dangling out port 'write_stage_Pipeline_VITIS_LOOP_38_1/m_axi_gmem_AWVALID' to 0.
WARNING: [RTGEN 206-101] Setting dangling out port 'write_stage_Pipeline_VITIS_LOOP_38_1/m_axi_gmem_AWADDR' to 0.
WARNING: [RTGEN 206-101] Setting dangling out port 'write_stage_Pipeline_VITIS_LOOP_38_1/m_axi_gmem_AWID' to 0.
WARNING: [RTGEN 206-101] Setting dangling out port 'write_stage_Pipeline_VITIS_LOOP_38_1/m_axi_gmem_AWLEN' to 0.
WARNING: [RTGEN 206-101] Setting dangling out port 'write_stage_Pipeline_VITIS_LOOP_38_1/m_axi_gmem_AWSIZE' to 0.
WARNING: [RTGEN 206-101] Setting dangling out port 'write_stage_Pipeline_VITIS_LOOP_38_1/m_axi_gmem_AWBURST' to 0.
WARNING: [RTGEN 206-101] Setting dangling out port 'write_stage_Pipeline_VITIS_LOOP_38_1/m_axi_gmem_AWLOCK' to 0.
WARNING: [RTGEN 206-101] Setting dangling out port 'write_stage_Pipeline_VITIS_LOOP_38_1/m_axi_gmem_AWCACHE' to 0.
WARNING: [RTGEN 206-101] Setting dangling out port 'write_stage_Pipeline_VITIS_LOOP_38_1/m_axi_gmem_AWPROT' to 0.
WARNING: [RTGEN 206-101] Setting dangling out port 'write_stage_Pipeline_VITIS_LOOP_38_1/m_axi_gmem_AWQOS' to 0.
WARNING: [RTGEN 206-101] Setting dangling out port 'write_stage_Pipeline_VITIS_LOOP_38_1/m_axi_gmem_AWREGION' to 0.
WARNING: [RTGEN 206-101] Setting dangling out port 'write_stage_Pipeline_VITIS_LOOP_38_1/m_axi_gmem_AWUSER' to 0.
WARNING: [RTGEN 206-101] Setting dangling out port 'write_stage_Pipeline_VITIS_LOOP_38_1/m_axi_gmem_BREADY' to 0.
INFO: [RTGEN 206-100] Finished creating RTL model for 'write_stage_Pipeline_VITIS_LOOP_38_1'.
INFO: [HLS 200-111] Finished Creating RTL model: CPU user time: 0.03 seconds. CPU system time: 0 seconds. Elapsed time: 0.06 seconds; current allocated memory: 354.359 MB.
Execute         source /home/jezuniga/mnt/HDD/Maestria/2026Q2/Diseno_de_alto_nivel_de_sistemas_electronicos/image_processing_system/HSL_Vitis/gray_kernel_prj/solution1/.autopilot/db/gray_kernel.rtl_wrap.cfg.tcl 
Execute         gen_rtl write_stage_Pipeline_VITIS_LOOP_38_1 -style xilinx -f -lang vhdl -o /home/jezuniga/mnt/HDD/Maestria/2026Q2/Diseno_de_alto_nivel_de_sistemas_electronicos/image_processing_system/HSL_Vitis/gray_kernel_prj/solution1/syn/vhdl/gray_kernel_write_stage_Pipeline_VITIS_LOOP_38_1 
Execute         gen_rtl write_stage_Pipeline_VITIS_LOOP_38_1 -style xilinx -f -lang vlog -o /home/jezuniga/mnt/HDD/Maestria/2026Q2/Diseno_de_alto_nivel_de_sistemas_electronicos/image_processing_system/HSL_Vitis/gray_kernel_prj/solution1/syn/verilog/gray_kernel_write_stage_Pipeline_VITIS_LOOP_38_1 
Execute         syn_report -csynth -model write_stage_Pipeline_VITIS_LOOP_38_1 -o /home/jezuniga/mnt/HDD/Maestria/2026Q2/Diseno_de_alto_nivel_de_sistemas_electronicos/image_processing_system/HSL_Vitis/gray_kernel_prj/solution1/syn/report/write_stage_Pipeline_VITIS_LOOP_38_1_csynth.rpt 
Execute           list_part -family xck26-sfvc784-2LV-c 
Execute             ap_family_info -name xck26-sfvc784-2LV-c -data names 
Execute             ap_part_info -quiet -name xck26-sfvc784-2LV-c -data family 
Execute         syn_report -rtlxml -model write_stage_Pipeline_VITIS_LOOP_38_1 -o /home/jezuniga/mnt/HDD/Maestria/2026Q2/Diseno_de_alto_nivel_de_sistemas_electronicos/image_processing_system/HSL_Vitis/gray_kernel_prj/solution1/syn/report/write_stage_Pipeline_VITIS_LOOP_38_1_csynth.xml 
Execute           list_part -family xck26-sfvc784-2LV-c 
Execute             ap_family_info -name xck26-sfvc784-2LV-c -data names 
Execute             ap_part_info -quiet -name xck26-sfvc784-2LV-c -data family 
Execute         syn_report -verbosereport -model write_stage_Pipeline_VITIS_LOOP_38_1 -o /home/jezuniga/mnt/HDD/Maestria/2026Q2/Diseno_de_alto_nivel_de_sistemas_electronicos/image_processing_system/HSL_Vitis/gray_kernel_prj/solution1/.autopilot/db/write_stage_Pipeline_VITIS_LOOP_38_1.verbose.rpt 
Execute           list_part -family xck26-sfvc784-2LV-c 
Execute             ap_family_info -name xck26-sfvc784-2LV-c -data names 
Execute             ap_part_info -quiet -name xck26-sfvc784-2LV-c -data family 
Execute         db_write -model write_stage_Pipeline_VITIS_LOOP_38_1 -f -o /home/jezuniga/mnt/HDD/Maestria/2026Q2/Diseno_de_alto_nivel_de_sistemas_electronicos/image_processing_system/HSL_Vitis/gray_kernel_prj/solution1/.autopilot/db/write_stage_Pipeline_VITIS_LOOP_38_1.adb 
Execute         db_write -model write_stage_Pipeline_VITIS_LOOP_38_1 -bindview -o /home/jezuniga/mnt/HDD/Maestria/2026Q2/Diseno_de_alto_nivel_de_sistemas_electronicos/image_processing_system/HSL_Vitis/gray_kernel_prj/solution1/.autopilot/db/design.bindinfo.xml 
Execute         gen_tb_info write_stage_Pipeline_VITIS_LOOP_38_1 -p /home/jezuniga/mnt/HDD/Maestria/2026Q2/Diseno_de_alto_nivel_de_sistemas_electronicos/image_processing_system/HSL_Vitis/gray_kernel_prj/solution1/.autopilot/db -o /home/jezuniga/mnt/HDD/Maestria/2026Q2/Diseno_de_alto_nivel_de_sistemas_electronicos/image_processing_system/HSL_Vitis/gray_kernel_prj/solution1/.autopilot/db/write_stage_Pipeline_VITIS_LOOP_38_1 
INFO: [HLS 200-10] ----------------------------------------------------------------
INFO: [HLS 200-10] -- Generating RTL for module 'write_stage' 
INFO: [HLS 200-10] ----------------------------------------------------------------
Execute         create_rtl_model write_stage -top_prefix gray_kernel_ -sub_prefix gray_kernel_ -mg_file /home/jezuniga/mnt/HDD/Maestria/2026Q2/Diseno_de_alto_nivel_de_sistemas_electronicos/image_processing_system/HSL_Vitis/gray_kernel_prj/solution1/.autopilot/db/write_stage.compgen.tcl 
INFO: [RTGEN 206-100] Finished creating RTL model for 'write_stage'.
INFO: [HLS 200-111] Finished Creating RTL model: CPU user time: 0.03 seconds. CPU system time: 0.01 seconds. Elapsed time: 0.05 seconds; current allocated memory: 355.383 MB.
Execute         source /home/jezuniga/mnt/HDD/Maestria/2026Q2/Diseno_de_alto_nivel_de_sistemas_electronicos/image_processing_system/HSL_Vitis/gray_kernel_prj/solution1/.autopilot/db/gray_kernel.rtl_wrap.cfg.tcl 
Execute         gen_rtl write_stage -style xilinx -f -lang vhdl -o /home/jezuniga/mnt/HDD/Maestria/2026Q2/Diseno_de_alto_nivel_de_sistemas_electronicos/image_processing_system/HSL_Vitis/gray_kernel_prj/solution1/syn/vhdl/gray_kernel_write_stage 
Execute         gen_rtl write_stage -style xilinx -f -lang vlog -o /home/jezuniga/mnt/HDD/Maestria/2026Q2/Diseno_de_alto_nivel_de_sistemas_electronicos/image_processing_system/HSL_Vitis/gray_kernel_prj/solution1/syn/verilog/gray_kernel_write_stage 
Execute         syn_report -csynth -model write_stage -o /home/jezuniga/mnt/HDD/Maestria/2026Q2/Diseno_de_alto_nivel_de_sistemas_electronicos/image_processing_system/HSL_Vitis/gray_kernel_prj/solution1/syn/report/write_stage_csynth.rpt 
Execute           list_part -family xck26-sfvc784-2LV-c 
Execute             ap_family_info -name xck26-sfvc784-2LV-c -data names 
Execute             ap_part_info -quiet -name xck26-sfvc784-2LV-c -data family 
Execute         syn_report -rtlxml -model write_stage -o /home/jezuniga/mnt/HDD/Maestria/2026Q2/Diseno_de_alto_nivel_de_sistemas_electronicos/image_processing_system/HSL_Vitis/gray_kernel_prj/solution1/syn/report/write_stage_csynth.xml 
Execute           list_part -family xck26-sfvc784-2LV-c 
Execute             ap_family_info -name xck26-sfvc784-2LV-c -data names 
Execute             ap_part_info -quiet -name xck26-sfvc784-2LV-c -data family 
Execute         syn_report -verbosereport -model write_stage -o /home/jezuniga/mnt/HDD/Maestria/2026Q2/Diseno_de_alto_nivel_de_sistemas_electronicos/image_processing_system/HSL_Vitis/gray_kernel_prj/solution1/.autopilot/db/write_stage.verbose.rpt 
Execute           list_part -family xck26-sfvc784-2LV-c 
Execute             ap_family_info -name xck26-sfvc784-2LV-c -data names 
Execute             ap_part_info -quiet -name xck26-sfvc784-2LV-c -data family 
Execute         db_write -model write_stage -f -o /home/jezuniga/mnt/HDD/Maestria/2026Q2/Diseno_de_alto_nivel_de_sistemas_electronicos/image_processing_system/HSL_Vitis/gray_kernel_prj/solution1/.autopilot/db/write_stage.adb 
Execute         db_write -model write_stage -bindview -o /home/jezuniga/mnt/HDD/Maestria/2026Q2/Diseno_de_alto_nivel_de_sistemas_electronicos/image_processing_system/HSL_Vitis/gray_kernel_prj/solution1/.autopilot/db/design.bindinfo.xml 
Execute         gen_tb_info write_stage -p /home/jezuniga/mnt/HDD/Maestria/2026Q2/Diseno_de_alto_nivel_de_sistemas_electronicos/image_processing_system/HSL_Vitis/gray_kernel_prj/solution1/.autopilot/db -o /home/jezuniga/mnt/HDD/Maestria/2026Q2/Diseno_de_alto_nivel_de_sistemas_electronicos/image_processing_system/HSL_Vitis/gray_kernel_prj/solution1/.autopilot/db/write_stage 
INFO: [HLS 200-10] ----------------------------------------------------------------
INFO: [HLS 200-10] -- Generating RTL for module 'gray_kernel' 
INFO: [HLS 200-10] ----------------------------------------------------------------
Execute         create_rtl_model gray_kernel -top_prefix  -sub_prefix gray_kernel_ -mg_file /home/jezuniga/mnt/HDD/Maestria/2026Q2/Diseno_de_alto_nivel_de_sistemas_electronicos/image_processing_system/HSL_Vitis/gray_kernel_prj/solution1/.autopilot/db/gray_kernel.compgen.tcl 
WARNING: [RTGEN 206-101] Design contains AXI ports. Reset is fixed to synchronous and active low.
INFO: [RTGEN 206-500] Setting interface mode on port 'gray_kernel/gmem' to 'm_axi'.
INFO: [RTGEN 206-500] Setting interface mode on port 'gray_kernel/in_r' to 's_axilite & ap_none'.
INFO: [RTGEN 206-500] Setting interface mode on port 'gray_kernel/out_r' to 's_axilite & ap_none'.
INFO: [RTGEN 206-500] Setting interface mode on port 'gray_kernel/num_pixels' to 's_axilite & ap_none'.
INFO: [RTGEN 206-500] Setting interface mode on function 'gray_kernel' to 's_axilite & ap_ctrl_hs'.
INFO: [RTGEN 206-100] Bundling port 'in_r', 'out_r', 'num_pixels' and 'return' to AXI-Lite port control.
INFO: [RTGEN 206-100] Finished creating RTL model for 'gray_kernel'.
INFO: [RTMG 210-285] Implementing FIFO 'out_r_c_U(gray_kernel_fifo_w64_d4_S)' using Shift Registers.
INFO: [RTMG 210-285] Implementing FIFO 'stream_in_U(gray_kernel_fifo_w24_d256_A)' using Vivado Default RAMs.
INFO: [RTMG 210-285] Implementing FIFO 'num_pixels_c1_U(gray_kernel_fifo_w32_d2_S)' using Shift Registers.
INFO: [RTMG 210-285] Implementing FIFO 'stream_out_U(gray_kernel_fifo_w8_d256_A)' using Vivado Default RAMs.
INFO: [RTMG 210-285] Implementing FIFO 'num_pixels_c_U(gray_kernel_fifo_w32_d2_S)' using Shift Registers.
INFO: [RTMG 210-285] Implementing FIFO 'start_for_write_stage_U0_U(gray_kernel_start_for_write_stage_U0)' using Shift Registers.
INFO: [RTMG 210-285] Implementing FIFO 'start_for_proc_stage_U0_U(gray_kernel_start_for_proc_stage_U0)' using Shift Registers.
INFO: [HLS 200-111] Finished Creating RTL model: CPU user time: 0.03 seconds. CPU system time: 0.02 seconds. Elapsed time: 0.09 seconds; current allocated memory: 357.164 MB.
Execute         source /home/jezuniga/mnt/HDD/Maestria/2026Q2/Diseno_de_alto_nivel_de_sistemas_electronicos/image_processing_system/HSL_Vitis/gray_kernel_prj/solution1/.autopilot/db/gray_kernel.rtl_wrap.cfg.tcl 
Execute         gen_rtl gray_kernel -istop -style xilinx -f -lang vhdl -o /home/jezuniga/mnt/HDD/Maestria/2026Q2/Diseno_de_alto_nivel_de_sistemas_electronicos/image_processing_system/HSL_Vitis/gray_kernel_prj/solution1/syn/vhdl/gray_kernel 
Execute         gen_rtl gray_kernel -istop -style xilinx -f -lang vlog -o /home/jezuniga/mnt/HDD/Maestria/2026Q2/Diseno_de_alto_nivel_de_sistemas_electronicos/image_processing_system/HSL_Vitis/gray_kernel_prj/solution1/syn/verilog/gray_kernel 
Execute         syn_report -csynth -model gray_kernel -o /home/jezuniga/mnt/HDD/Maestria/2026Q2/Diseno_de_alto_nivel_de_sistemas_electronicos/image_processing_system/HSL_Vitis/gray_kernel_prj/solution1/syn/report/gray_kernel_csynth.rpt 
Execute           list_part -family xck26-sfvc784-2LV-c 
Execute             ap_family_info -name xck26-sfvc784-2LV-c -data names 
Execute             ap_part_info -quiet -name xck26-sfvc784-2LV-c -data family 
Execute         syn_report -rtlxml -model gray_kernel -o /home/jezuniga/mnt/HDD/Maestria/2026Q2/Diseno_de_alto_nivel_de_sistemas_electronicos/image_processing_system/HSL_Vitis/gray_kernel_prj/solution1/syn/report/gray_kernel_csynth.xml 
Execute           list_part -family xck26-sfvc784-2LV-c 
Execute             ap_family_info -name xck26-sfvc784-2LV-c -data names 
Execute             ap_part_info -quiet -name xck26-sfvc784-2LV-c -data family 
Execute         syn_report -verbosereport -model gray_kernel -o /home/jezuniga/mnt/HDD/Maestria/2026Q2/Diseno_de_alto_nivel_de_sistemas_electronicos/image_processing_system/HSL_Vitis/gray_kernel_prj/solution1/.autopilot/db/gray_kernel.verbose.rpt 
Execute           list_part -family xck26-sfvc784-2LV-c 
Execute             ap_family_info -name xck26-sfvc784-2LV-c -data names 
Execute             ap_part_info -quiet -name xck26-sfvc784-2LV-c -data family 
Execute         db_write -model gray_kernel -f -o /home/jezuniga/mnt/HDD/Maestria/2026Q2/Diseno_de_alto_nivel_de_sistemas_electronicos/image_processing_system/HSL_Vitis/gray_kernel_prj/solution1/.autopilot/db/gray_kernel.adb 
Execute         db_write -model gray_kernel -bindview -o /home/jezuniga/mnt/HDD/Maestria/2026Q2/Diseno_de_alto_nivel_de_sistemas_electronicos/image_processing_system/HSL_Vitis/gray_kernel_prj/solution1/.autopilot/db/design.bindinfo.xml 
Execute         gen_tb_info gray_kernel -p /home/jezuniga/mnt/HDD/Maestria/2026Q2/Diseno_de_alto_nivel_de_sistemas_electronicos/image_processing_system/HSL_Vitis/gray_kernel_prj/solution1/.autopilot/db -o /home/jezuniga/mnt/HDD/Maestria/2026Q2/Diseno_de_alto_nivel_de_sistemas_electronicos/image_processing_system/HSL_Vitis/gray_kernel_prj/solution1/.autopilot/db/gray_kernel 
Execute         export_constraint_db -f -tool general -o /home/jezuniga/mnt/HDD/Maestria/2026Q2/Diseno_de_alto_nivel_de_sistemas_electronicos/image_processing_system/HSL_Vitis/gray_kernel_prj/solution1/.autopilot/db/gray_kernel.constraint.tcl 
Execute         syn_report -designview -model gray_kernel -o /home/jezuniga/mnt/HDD/Maestria/2026Q2/Diseno_de_alto_nivel_de_sistemas_electronicos/image_processing_system/HSL_Vitis/gray_kernel_prj/solution1/.autopilot/db/gray_kernel.design.xml 
Execute         syn_report -csynthDesign -model gray_kernel -o /home/jezuniga/mnt/HDD/Maestria/2026Q2/Diseno_de_alto_nivel_de_sistemas_electronicos/image_processing_system/HSL_Vitis/gray_kernel_prj/solution1/syn/report/csynth.rpt -MHOut /home/jezuniga/mnt/HDD/Maestria/2026Q2/Diseno_de_alto_nivel_de_sistemas_electronicos/image_processing_system/HSL_Vitis/gray_kernel_prj/solution1/.autopilot/db/kernel_module_hierarchy.tcl 
Execute           list_part -family xck26-sfvc784-2LV-c 
Execute             ap_family_info -name xck26-sfvc784-2LV-c -data names 
Execute             ap_part_info -quiet -name xck26-sfvc784-2LV-c -data family 
Execute         syn_report -wcfg -model gray_kernel -o /home/jezuniga/mnt/HDD/Maestria/2026Q2/Diseno_de_alto_nivel_de_sistemas_electronicos/image_processing_system/HSL_Vitis/gray_kernel_prj/solution1/.autopilot/db/gray_kernel_dataflow_ana.wcfg 
Execute         syn_report -protoinst -model gray_kernel -o /home/jezuniga/mnt/HDD/Maestria/2026Q2/Diseno_de_alto_nivel_de_sistemas_electronicos/image_processing_system/HSL_Vitis/gray_kernel_prj/solution1/.autopilot/db/gray_kernel.protoinst 
Execute         sc_get_clocks gray_kernel 
Execute         sc_get_portdomain gray_kernel 
INFO-FLOW: Model list for RTL component generation: entry_proc read_stage_Pipeline_VITIS_LOOP_15_1 read_stage proc_stage_Pipeline_VITIS_LOOP_24_1 proc_stage write_stage_Pipeline_VITIS_LOOP_38_1 write_stage gray_kernel
INFO-FLOW: Handling components in module [entry_proc] ... 
Execute         source /home/jezuniga/mnt/HDD/Maestria/2026Q2/Diseno_de_alto_nivel_de_sistemas_electronicos/image_processing_system/HSL_Vitis/gray_kernel_prj/solution1/.autopilot/db/entry_proc.compgen.tcl 
INFO-FLOW: Handling components in module [read_stage_Pipeline_VITIS_LOOP_15_1] ... 
Execute         source /home/jezuniga/mnt/HDD/Maestria/2026Q2/Diseno_de_alto_nivel_de_sistemas_electronicos/image_processing_system/HSL_Vitis/gray_kernel_prj/solution1/.autopilot/db/read_stage_Pipeline_VITIS_LOOP_15_1.compgen.tcl 
INFO-FLOW: Found component gray_kernel_flow_control_loop_pipe_sequential_init.
INFO-FLOW: Append model gray_kernel_flow_control_loop_pipe_sequential_init
INFO-FLOW: Handling components in module [read_stage] ... 
Execute         source /home/jezuniga/mnt/HDD/Maestria/2026Q2/Diseno_de_alto_nivel_de_sistemas_electronicos/image_processing_system/HSL_Vitis/gray_kernel_prj/solution1/.autopilot/db/read_stage.compgen.tcl 
INFO-FLOW: Handling components in module [proc_stage_Pipeline_VITIS_LOOP_24_1] ... 
Execute         source /home/jezuniga/mnt/HDD/Maestria/2026Q2/Diseno_de_alto_nivel_de_sistemas_electronicos/image_processing_system/HSL_Vitis/gray_kernel_prj/solution1/.autopilot/db/proc_stage_Pipeline_VITIS_LOOP_24_1.compgen.tcl 
INFO-FLOW: Found component gray_kernel_mul_8ns_10ns_17_1_1.
INFO-FLOW: Append model gray_kernel_mul_8ns_10ns_17_1_1
INFO-FLOW: Found component gray_kernel_mac_muladd_8ns_7ns_17ns_17_4_1.
INFO-FLOW: Append model gray_kernel_mac_muladd_8ns_7ns_17ns_17_4_1
INFO-FLOW: Found component gray_kernel_mac_muladd_10ns_8ns_17ns_18_4_1.
INFO-FLOW: Append model gray_kernel_mac_muladd_10ns_8ns_17ns_18_4_1
INFO-FLOW: Found component gray_kernel_flow_control_loop_pipe_sequential_init.
INFO-FLOW: Append model gray_kernel_flow_control_loop_pipe_sequential_init
INFO-FLOW: Handling components in module [proc_stage] ... 
Execute         source /home/jezuniga/mnt/HDD/Maestria/2026Q2/Diseno_de_alto_nivel_de_sistemas_electronicos/image_processing_system/HSL_Vitis/gray_kernel_prj/solution1/.autopilot/db/proc_stage.compgen.tcl 
INFO-FLOW: Handling components in module [write_stage_Pipeline_VITIS_LOOP_38_1] ... 
Execute         source /home/jezuniga/mnt/HDD/Maestria/2026Q2/Diseno_de_alto_nivel_de_sistemas_electronicos/image_processing_system/HSL_Vitis/gray_kernel_prj/solution1/.autopilot/db/write_stage_Pipeline_VITIS_LOOP_38_1.compgen.tcl 
INFO-FLOW: Found component gray_kernel_flow_control_loop_pipe_sequential_init.
INFO-FLOW: Append model gray_kernel_flow_control_loop_pipe_sequential_init
INFO-FLOW: Handling components in module [write_stage] ... 
Execute         source /home/jezuniga/mnt/HDD/Maestria/2026Q2/Diseno_de_alto_nivel_de_sistemas_electronicos/image_processing_system/HSL_Vitis/gray_kernel_prj/solution1/.autopilot/db/write_stage.compgen.tcl 
INFO-FLOW: Handling components in module [gray_kernel] ... 
Execute         source /home/jezuniga/mnt/HDD/Maestria/2026Q2/Diseno_de_alto_nivel_de_sistemas_electronicos/image_processing_system/HSL_Vitis/gray_kernel_prj/solution1/.autopilot/db/gray_kernel.compgen.tcl 
INFO-FLOW: Found component gray_kernel_fifo_w64_d4_S.
INFO-FLOW: Append model gray_kernel_fifo_w64_d4_S
INFO-FLOW: Found component gray_kernel_fifo_w24_d256_A.
INFO-FLOW: Append model gray_kernel_fifo_w24_d256_A
INFO-FLOW: Found component gray_kernel_fifo_w32_d2_S.
INFO-FLOW: Append model gray_kernel_fifo_w32_d2_S
INFO-FLOW: Found component gray_kernel_fifo_w8_d256_A.
INFO-FLOW: Append model gray_kernel_fifo_w8_d256_A
INFO-FLOW: Found component gray_kernel_fifo_w32_d2_S.
INFO-FLOW: Append model gray_kernel_fifo_w32_d2_S
INFO-FLOW: Found component gray_kernel_start_for_write_stage_U0.
INFO-FLOW: Append model gray_kernel_start_for_write_stage_U0
INFO-FLOW: Found component gray_kernel_start_for_proc_stage_U0.
INFO-FLOW: Append model gray_kernel_start_for_proc_stage_U0
INFO-FLOW: Found component gray_kernel_gmem_m_axi.
INFO-FLOW: Append model gray_kernel_gmem_m_axi
INFO-FLOW: Found component gray_kernel_control_s_axi.
INFO-FLOW: Append model gray_kernel_control_s_axi
INFO-FLOW: Append model entry_proc
INFO-FLOW: Append model read_stage_Pipeline_VITIS_LOOP_15_1
INFO-FLOW: Append model read_stage
INFO-FLOW: Append model proc_stage_Pipeline_VITIS_LOOP_24_1
INFO-FLOW: Append model proc_stage
INFO-FLOW: Append model write_stage_Pipeline_VITIS_LOOP_38_1
INFO-FLOW: Append model write_stage
INFO-FLOW: Append model gray_kernel
INFO-FLOW: Generating RTL model list ...
INFO-FLOW: All models in this session: gray_kernel_flow_control_loop_pipe_sequential_init gray_kernel_mul_8ns_10ns_17_1_1 gray_kernel_mac_muladd_8ns_7ns_17ns_17_4_1 gray_kernel_mac_muladd_10ns_8ns_17ns_18_4_1 gray_kernel_flow_control_loop_pipe_sequential_init gray_kernel_flow_control_loop_pipe_sequential_init gray_kernel_fifo_w64_d4_S gray_kernel_fifo_w24_d256_A gray_kernel_fifo_w32_d2_S gray_kernel_fifo_w8_d256_A gray_kernel_fifo_w32_d2_S gray_kernel_start_for_write_stage_U0 gray_kernel_start_for_proc_stage_U0 gray_kernel_gmem_m_axi gray_kernel_control_s_axi entry_proc read_stage_Pipeline_VITIS_LOOP_15_1 read_stage proc_stage_Pipeline_VITIS_LOOP_24_1 proc_stage write_stage_Pipeline_VITIS_LOOP_38_1 write_stage gray_kernel
INFO-FLOW: Generating /home/jezuniga/mnt/HDD/Maestria/2026Q2/Diseno_de_alto_nivel_de_sistemas_electronicos/image_processing_system/HSL_Vitis/gray_kernel_prj/solution1/.autopilot/db/autopilot.rtl.models.txt file...
INFO-FLOW: To file: write model gray_kernel_flow_control_loop_pipe_sequential_init
INFO-FLOW: To file: write model gray_kernel_mul_8ns_10ns_17_1_1
INFO-FLOW: To file: write model gray_kernel_mac_muladd_8ns_7ns_17ns_17_4_1
INFO-FLOW: To file: write model gray_kernel_mac_muladd_10ns_8ns_17ns_18_4_1
INFO-FLOW: To file: write model gray_kernel_flow_control_loop_pipe_sequential_init
INFO-FLOW: To file: write model gray_kernel_flow_control_loop_pipe_sequential_init
INFO-FLOW: To file: write model gray_kernel_fifo_w64_d4_S
INFO-FLOW: To file: write model gray_kernel_fifo_w24_d256_A
INFO-FLOW: To file: write model gray_kernel_fifo_w32_d2_S
INFO-FLOW: To file: write model gray_kernel_fifo_w8_d256_A
INFO-FLOW: To file: write model gray_kernel_fifo_w32_d2_S
INFO-FLOW: To file: write model gray_kernel_start_for_write_stage_U0
INFO-FLOW: To file: write model gray_kernel_start_for_proc_stage_U0
INFO-FLOW: To file: write model gray_kernel_gmem_m_axi
INFO-FLOW: To file: write model gray_kernel_control_s_axi
INFO-FLOW: To file: write model entry_proc
INFO-FLOW: To file: write model read_stage_Pipeline_VITIS_LOOP_15_1
INFO-FLOW: To file: write model read_stage
INFO-FLOW: To file: write model proc_stage_Pipeline_VITIS_LOOP_24_1
INFO-FLOW: To file: write model proc_stage
INFO-FLOW: To file: write model write_stage_Pipeline_VITIS_LOOP_38_1
INFO-FLOW: To file: write model write_stage
INFO-FLOW: To file: write model gray_kernel
INFO-FLOW: Generating /home/jezuniga/mnt/HDD/Maestria/2026Q2/Diseno_de_alto_nivel_de_sistemas_electronicos/image_processing_system/HSL_Vitis/gray_kernel_prj/solution1/.autopilot/db/autopilot.rtl.models.tcl file...
INFO-FLOW: Finished generating RTL model list.


INFO-FLOW: RTL Generation done.
INFO-FLOW: CAS Generation done.
INFO-FLOW: CBC Generation done.
INFO-FLOW: DBG:PROC: ::AESL_AUTOMG::auto_generate_csynth_design
INFO-FLOW: DBG:PUTS: read_platform_lib /home/jezuniga/mnt/HDD/Maestria/2026Q2/Diseno_de_alto_nivel_de_sistemas_electronicos/image_processing_system/HSL_Vitis/gray_kernel_prj/solution1/.autopilot/db/global.setting.tcl
Execute         source /home/jezuniga/tools/Xilinx/Vitis_HLS/2024.1/common/technology/generic/autopilot/common.gen 
Execute           source /home/jezuniga/tools/Xilinx/Vitis_HLS/2024.1/common/technology/generic/autopilot/APCoreGen.gen 
Execute         source /home/jezuniga/tools/Xilinx/Vitis_HLS/2024.1/common/technology/generic/autopilot/op.gen 
Execute         source /home/jezuniga/tools/Xilinx/Vitis_HLS/2024.1/common/technology/generic/autopilot/op_simcore.gen 
Execute         source /home/jezuniga/tools/Xilinx/Vitis_HLS/2024.1/common/technology/generic/autopilot/interface.gen 
Execute         source /home/jezuniga/mnt/HDD/Maestria/2026Q2/Diseno_de_alto_nivel_de_sistemas_electronicos/image_processing_system/HSL_Vitis/gray_kernel_prj/solution1/.autopilot/db/global.setting.tcl 
Execute         source /home/jezuniga/tools/Xilinx/Vitis_HLS/2024.1/common/technology/xilinx/common/xilinx.gen 
Execute           source /home/jezuniga/tools/Xilinx/Vitis_HLS/2024.1/common/technology/xilinx/interface/plb46.gen 
Execute           source /home/jezuniga/tools/Xilinx/Vitis_HLS/2024.1/common/technology/xilinx/interface/axi4.gen 
Execute           source /home/jezuniga/tools/Xilinx/Vitis_HLS/2024.1/common/technology/xilinx/interface/nativeAXI4.gen 
Execute             source /home/jezuniga/tools/Xilinx/Vitis_HLS/2024.1/common/technology/xilinx/interface/saxilite.gen 
Execute           source /home/jezuniga/tools/Xilinx/Vitis_HLS/2024.1/common/technology/xilinx/scripts/xilinxcoregen.gen 
Execute           source /home/jezuniga/tools/Xilinx/Vitis_HLS/2024.1/common/technology/xilinx/interface/XilEDKCoreGen.gen 
Execute           source /home/jezuniga/tools/Xilinx/Vitis_HLS/2024.1/common/technology/xilinx/ip/xfir.gen 
Execute           source /home/jezuniga/tools/Xilinx/Vitis_HLS/2024.1/common/technology/xilinx/ip/util.gen 
Execute           source /home/jezuniga/tools/Xilinx/Vitis_HLS/2024.1/common/technology/xilinx/ip/xfft.gen 
Execute           source /home/jezuniga/tools/Xilinx/Vitis_HLS/2024.1/common/technology/xilinx/ip/dds_compiler.gen 
Execute           source /home/jezuniga/tools/Xilinx/Vitis_HLS/2024.1/common/technology/xilinx/DSP48/dsp48.gen 
INFO-FLOW: DBG:PUTS:   using AESL_AUTOCG::g_clock_period=4.000 (was NA)
INFO-FLOW: DBG:PROC: ::AESL_AUTOMG::generate_ip_cores gen_sim_model='1' gen_fp_models='0' gen_for_export='0' dstSCDir='' dstVhdlDir='/home/jezuniga/mnt/HDD/Maestria/2026Q2/Diseno_de_alto_nivel_de_sistemas_electronicos/image_processing_system/HSL_Vitis/gray_kernel_prj/solution1/.autopilot/db/vhdl' dstVlogDir='/home/jezuniga/mnt/HDD/Maestria/2026Q2/Diseno_de_alto_nivel_de_sistemas_electronicos/image_processing_system/HSL_Vitis/gray_kernel_prj/solution1/.autopilot/db/vlog' tclDir='/home/jezuniga/mnt/HDD/Maestria/2026Q2/Diseno_de_alto_nivel_de_sistemas_electronicos/image_processing_system/HSL_Vitis/gray_kernel_prj/solution1/.autopilot/db' modelList='gray_kernel_flow_control_loop_pipe_sequential_init
gray_kernel_mul_8ns_10ns_17_1_1
gray_kernel_mac_muladd_8ns_7ns_17ns_17_4_1
gray_kernel_mac_muladd_10ns_8ns_17ns_18_4_1
gray_kernel_flow_control_loop_pipe_sequential_init
gray_kernel_flow_control_loop_pipe_sequential_init
gray_kernel_fifo_w64_d4_S
gray_kernel_fifo_w24_d256_A
gray_kernel_fifo_w32_d2_S
gray_kernel_fifo_w8_d256_A
gray_kernel_fifo_w32_d2_S
gray_kernel_start_for_write_stage_U0
gray_kernel_start_for_proc_stage_U0
gray_kernel_gmem_m_axi
gray_kernel_control_s_axi
entry_proc
read_stage_Pipeline_VITIS_LOOP_15_1
read_stage
proc_stage_Pipeline_VITIS_LOOP_24_1
proc_stage
write_stage_Pipeline_VITIS_LOOP_38_1
write_stage
gray_kernel
' expOnly='0'
Execute         source /home/jezuniga/mnt/HDD/Maestria/2026Q2/Diseno_de_alto_nivel_de_sistemas_electronicos/image_processing_system/HSL_Vitis/gray_kernel_prj/solution1/.autopilot/db/global.setting.tcl 
Execute         ap_part_info -name xck26-sfvc784-2LV-c -data names -quiet 
Execute         ap_part_info -name xck26-sfvc784-2LV-c -data info -quiet 
Execute         source /home/jezuniga/mnt/HDD/Maestria/2026Q2/Diseno_de_alto_nivel_de_sistemas_electronicos/image_processing_system/HSL_Vitis/gray_kernel_prj/solution1/.autopilot/db/global.setting.tcl 
Execute         source /home/jezuniga/mnt/HDD/Maestria/2026Q2/Diseno_de_alto_nivel_de_sistemas_electronicos/image_processing_system/HSL_Vitis/gray_kernel_prj/solution1/.autopilot/db/global.setting.tcl 
Execute         source /home/jezuniga/mnt/HDD/Maestria/2026Q2/Diseno_de_alto_nivel_de_sistemas_electronicos/image_processing_system/HSL_Vitis/gray_kernel_prj/solution1/.autopilot/db/entry_proc.compgen.tcl 
Execute         source /home/jezuniga/mnt/HDD/Maestria/2026Q2/Diseno_de_alto_nivel_de_sistemas_electronicos/image_processing_system/HSL_Vitis/gray_kernel_prj/solution1/.autopilot/db/read_stage_Pipeline_VITIS_LOOP_15_1.compgen.tcl 
Execute         source /home/jezuniga/mnt/HDD/Maestria/2026Q2/Diseno_de_alto_nivel_de_sistemas_electronicos/image_processing_system/HSL_Vitis/gray_kernel_prj/solution1/.autopilot/db/read_stage.compgen.tcl 
Execute         source /home/jezuniga/mnt/HDD/Maestria/2026Q2/Diseno_de_alto_nivel_de_sistemas_electronicos/image_processing_system/HSL_Vitis/gray_kernel_prj/solution1/.autopilot/db/proc_stage_Pipeline_VITIS_LOOP_24_1.compgen.tcl 
Execute         source /home/jezuniga/mnt/HDD/Maestria/2026Q2/Diseno_de_alto_nivel_de_sistemas_electronicos/image_processing_system/HSL_Vitis/gray_kernel_prj/solution1/.autopilot/db/proc_stage.compgen.tcl 
Execute         source /home/jezuniga/mnt/HDD/Maestria/2026Q2/Diseno_de_alto_nivel_de_sistemas_electronicos/image_processing_system/HSL_Vitis/gray_kernel_prj/solution1/.autopilot/db/write_stage_Pipeline_VITIS_LOOP_38_1.compgen.tcl 
Execute         source /home/jezuniga/mnt/HDD/Maestria/2026Q2/Diseno_de_alto_nivel_de_sistemas_electronicos/image_processing_system/HSL_Vitis/gray_kernel_prj/solution1/.autopilot/db/write_stage.compgen.tcl 
Execute         source /home/jezuniga/mnt/HDD/Maestria/2026Q2/Diseno_de_alto_nivel_de_sistemas_electronicos/image_processing_system/HSL_Vitis/gray_kernel_prj/solution1/.autopilot/db/gray_kernel.compgen.tcl 
Execute           source ./control.slave.tcl 
INFO: [HLS 200-111] Finished Generating all RTL models: CPU user time: 0.14 seconds. CPU system time: 0.11 seconds. Elapsed time: 0.41 seconds; current allocated memory: 360.234 MB.
INFO-FLOW: DBG:PROC: ::HLSREPORTS::create_csynth_xml bind_info_var='bind_info' RtlSubPrefix='gray_kernel_' outfile=''
INFO-FLOW: Running: create_csynth_xml read xml data
INFO-FLOW: Done: create_csynth_xml read xml data time: 0 seconds per iteration
INFO-FLOW: Running: create_csynth_xml bind info
INFO-FLOW: No bind nodes found for module_name entry_proc
INFO-FLOW: No bind nodes found for module_name proc_stage
INFO-FLOW: Done: create_csynth_xml bind info time: 0 seconds per iteration
INFO-FLOW: Running: create_csynth_xml config info
INFO-FLOW: Done: create_csynth_xml config info time: 0.2 seconds per iteration
INFO-FLOW: Running: create_csynth_xml write xml
INFO-FLOW: Done: create_csynth_xml write xml time: 0 seconds per iteration
INFO-FLOW: DBG:PUTS:      create_csynth_xml wrote csynth_xml=/home/jezuniga/mnt/HDD/Maestria/2026Q2/Diseno_de_alto_nivel_de_sistemas_electronicos/image_processing_system/HSL_Vitis/gray_kernel_prj/solution1/syn/report/csynth.xml
INFO-FLOW: DBG:PROC: ::AP::DESIGN_DATA::generate_json generate_bd_files='0' generate_xo_files='0' modelList='gray_kernel_flow_control_loop_pipe_sequential_init
gray_kernel_mul_8ns_10ns_17_1_1
gray_kernel_mac_muladd_8ns_7ns_17ns_17_4_1
gray_kernel_mac_muladd_10ns_8ns_17ns_18_4_1
gray_kernel_flow_control_loop_pipe_sequential_init
gray_kernel_flow_control_loop_pipe_sequential_init
gray_kernel_fifo_w64_d4_S
gray_kernel_fifo_w24_d256_A
gray_kernel_fifo_w32_d2_S
gray_kernel_fifo_w8_d256_A
gray_kernel_fifo_w32_d2_S
gray_kernel_start_for_write_stage_U0
gray_kernel_start_for_proc_stage_U0
gray_kernel_gmem_m_axi
gray_kernel_control_s_axi
entry_proc
read_stage_Pipeline_VITIS_LOOP_15_1
read_stage
proc_stage_Pipeline_VITIS_LOOP_24_1
proc_stage
write_stage_Pipeline_VITIS_LOOP_38_1
write_stage
gray_kernel
' rtl_lang='both' bootstrap_tcl='false' outdir='' outfilename=''
Execute         source /home/jezuniga/mnt/HDD/Maestria/2026Q2/Diseno_de_alto_nivel_de_sistemas_electronicos/image_processing_system/HSL_Vitis/gray_kernel_prj/solution1/.autopilot/db/global.setting.tcl 
Execute         source /home/jezuniga/mnt/HDD/Maestria/2026Q2/Diseno_de_alto_nivel_de_sistemas_electronicos/image_processing_system/HSL_Vitis/gray_kernel_prj/solution1/.autopilot/db/global.setting.tcl 
Execute         source /home/jezuniga/mnt/HDD/Maestria/2026Q2/Diseno_de_alto_nivel_de_sistemas_electronicos/image_processing_system/HSL_Vitis/gray_kernel_prj/solution1/.autopilot/db/top-io-be.tcl 
Execute         source /home/jezuniga/mnt/HDD/Maestria/2026Q2/Diseno_de_alto_nivel_de_sistemas_electronicos/image_processing_system/HSL_Vitis/gray_kernel_prj/solution1/.autopilot/db/gray_kernel.tbgen.tcl 
Execute         source /home/jezuniga/mnt/HDD/Maestria/2026Q2/Diseno_de_alto_nivel_de_sistemas_electronicos/image_processing_system/HSL_Vitis/gray_kernel_prj/solution1/.autopilot/db/gray_kernel.compgen.dataonly.tcl 
Execute         source /home/jezuniga/mnt/HDD/Maestria/2026Q2/Diseno_de_alto_nivel_de_sistemas_electronicos/image_processing_system/HSL_Vitis/gray_kernel_prj/solution1/.autopilot/db/gray_kernel.compgen.dataonly.tcl 
Execute         source /home/jezuniga/mnt/HDD/Maestria/2026Q2/Diseno_de_alto_nivel_de_sistemas_electronicos/image_processing_system/HSL_Vitis/gray_kernel_prj/solution1/.autopilot/db/gray_kernel.rtl_wrap.cfg.tcl 
Execute         source /home/jezuniga/mnt/HDD/Maestria/2026Q2/Diseno_de_alto_nivel_de_sistemas_electronicos/image_processing_system/HSL_Vitis/gray_kernel_prj/solution1/.autopilot/db/gray_kernel.compgen.dataonly.tcl 
Execute         source /home/jezuniga/mnt/HDD/Maestria/2026Q2/Diseno_de_alto_nivel_de_sistemas_electronicos/image_processing_system/HSL_Vitis/gray_kernel_prj/solution1/.autopilot/db/entry_proc.tbgen.tcl 
Execute         source /home/jezuniga/mnt/HDD/Maestria/2026Q2/Diseno_de_alto_nivel_de_sistemas_electronicos/image_processing_system/HSL_Vitis/gray_kernel_prj/solution1/.autopilot/db/read_stage_Pipeline_VITIS_LOOP_15_1.tbgen.tcl 
Execute         source /home/jezuniga/mnt/HDD/Maestria/2026Q2/Diseno_de_alto_nivel_de_sistemas_electronicos/image_processing_system/HSL_Vitis/gray_kernel_prj/solution1/.autopilot/db/read_stage.tbgen.tcl 
Execute         source /home/jezuniga/mnt/HDD/Maestria/2026Q2/Diseno_de_alto_nivel_de_sistemas_electronicos/image_processing_system/HSL_Vitis/gray_kernel_prj/solution1/.autopilot/db/proc_stage_Pipeline_VITIS_LOOP_24_1.tbgen.tcl 
Execute         source /home/jezuniga/mnt/HDD/Maestria/2026Q2/Diseno_de_alto_nivel_de_sistemas_electronicos/image_processing_system/HSL_Vitis/gray_kernel_prj/solution1/.autopilot/db/proc_stage.tbgen.tcl 
Execute         source /home/jezuniga/mnt/HDD/Maestria/2026Q2/Diseno_de_alto_nivel_de_sistemas_electronicos/image_processing_system/HSL_Vitis/gray_kernel_prj/solution1/.autopilot/db/write_stage_Pipeline_VITIS_LOOP_38_1.tbgen.tcl 
Execute         source /home/jezuniga/mnt/HDD/Maestria/2026Q2/Diseno_de_alto_nivel_de_sistemas_electronicos/image_processing_system/HSL_Vitis/gray_kernel_prj/solution1/.autopilot/db/write_stage.tbgen.tcl 
Execute         source /home/jezuniga/mnt/HDD/Maestria/2026Q2/Diseno_de_alto_nivel_de_sistemas_electronicos/image_processing_system/HSL_Vitis/gray_kernel_prj/solution1/.autopilot/db/gray_kernel.tbgen.tcl 
Execute         source /home/jezuniga/mnt/HDD/Maestria/2026Q2/Diseno_de_alto_nivel_de_sistemas_electronicos/image_processing_system/HSL_Vitis/gray_kernel_prj/solution1/.autopilot/db/global.setting.tcl 
Execute         ap_part_info -name xck26-sfvc784-2LV-c -data names -quiet 
Execute         ap_part_info -name xck26-sfvc784-2LV-c -data info -quiet 
Execute         source /home/jezuniga/mnt/HDD/Maestria/2026Q2/Diseno_de_alto_nivel_de_sistemas_electronicos/image_processing_system/HSL_Vitis/gray_kernel_prj/solution1/.autopilot/db/gray_kernel.constraint.tcl 
Execute         sc_get_clocks gray_kernel 
Execute         source /home/jezuniga/mnt/HDD/Maestria/2026Q2/Diseno_de_alto_nivel_de_sistemas_electronicos/image_processing_system/HSL_Vitis/gray_kernel_prj/solution1/.autopilot/db/global.setting.tcl 
INFO-FLOW: DBG:PROC: ::HLSREPORTS::add_csynth_report_sections bind_info_dict='adapter_nodes {{BINDTYPE adapter ID {} IMPL {} LATENCY {} OPTYPE {} PRAGMA {} RTLNAME control_s_axi_U SOURCE {} VARIABLE {} LOOP {} BUNDLEDNAME control DSP 0 BRAM 0 URAM 0 STORAGESUBTYPE s_axilite STORAGESIZE {} STORAGEUSAGE interface DISPNAME {bind_adapter }} {BINDTYPE adapter ID {} IMPL {} LATENCY {} OPTYPE {} PRAGMA {} RTLNAME gmem_m_axi_U SOURCE {} VARIABLE {} LOOP {} BUNDLEDNAME gmem DSP 0 BRAM 2 URAM 0 STORAGESUBTYPE m_axi STORAGESIZE {} STORAGEUSAGE interface DISPNAME {bind_adapter }}} cache_nodes {} report_dict {TOPINST gray_kernel MODULE2INSTS {gray_kernel gray_kernel entry_proc entry_proc_U0 read_stage read_stage_U0 read_stage_Pipeline_VITIS_LOOP_15_1 grp_read_stage_Pipeline_VITIS_LOOP_15_1_fu_82 proc_stage proc_stage_U0 proc_stage_Pipeline_VITIS_LOOP_24_1 grp_proc_stage_Pipeline_VITIS_LOOP_24_1_fu_50 write_stage write_stage_U0 write_stage_Pipeline_VITIS_LOOP_38_1 grp_write_stage_Pipeline_VITIS_LOOP_38_1_fu_69} INST2MODULE {gray_kernel gray_kernel entry_proc_U0 entry_proc read_stage_U0 read_stage grp_read_stage_Pipeline_VITIS_LOOP_15_1_fu_82 read_stage_Pipeline_VITIS_LOOP_15_1 proc_stage_U0 proc_stage grp_proc_stage_Pipeline_VITIS_LOOP_24_1_fu_50 proc_stage_Pipeline_VITIS_LOOP_24_1 write_stage_U0 write_stage grp_write_stage_Pipeline_VITIS_LOOP_38_1_fu_69 write_stage_Pipeline_VITIS_LOOP_38_1} INSTDATA {gray_kernel {DEPTH 1 CHILDREN {entry_proc_U0 read_stage_U0 proc_stage_U0 write_stage_U0}} entry_proc_U0 {DEPTH 2 CHILDREN {}} read_stage_U0 {DEPTH 2 CHILDREN grp_read_stage_Pipeline_VITIS_LOOP_15_1_fu_82} grp_read_stage_Pipeline_VITIS_LOOP_15_1_fu_82 {DEPTH 3 CHILDREN {}} proc_stage_U0 {DEPTH 2 CHILDREN grp_proc_stage_Pipeline_VITIS_LOOP_24_1_fu_50} grp_proc_stage_Pipeline_VITIS_LOOP_24_1_fu_50 {DEPTH 3 CHILDREN {}} write_stage_U0 {DEPTH 2 CHILDREN grp_write_stage_Pipeline_VITIS_LOOP_38_1_fu_69} grp_write_stage_Pipeline_VITIS_LOOP_38_1_fu_69 {DEPTH 3 CHILDREN {}}} MODULEDATA {read_stage_Pipeline_VITIS_LOOP_15_1 {BINDINFO {{BINDTYPE op ID {} IMPL auto LATENCY 0 OPTYPE setlt PRAGMA {} RTLNAME icmp_ln15_fu_90_p2 SOURCE gray_kernel.cpp:15 VARIABLE icmp_ln15 LOOP VITIS_LOOP_15_1 BUNDLEDNAME {} DSP 0 BRAM 0 URAM 0 STORAGESUBTYPE {} DISPNAME {bind_op setlt} VISIBLE false} {BINDTYPE op ID {} IMPL fabric LATENCY 0 OPTYPE add PRAGMA {} RTLNAME add_ln15_fu_102_p2 SOURCE gray_kernel.cpp:15 VARIABLE add_ln15 LOOP VITIS_LOOP_15_1 BUNDLEDNAME {} DSP 0 BRAM 0 URAM 0 STORAGESUBTYPE {} DISPNAME {bind_op add} VISIBLE true}} AREA {DSP 0 BRAM 0 URAM 0}} read_stage {BINDINFO {{BINDTYPE op ID {} IMPL auto LATENCY 0 OPTYPE setgt PRAGMA {} RTLNAME icmp_ln15_fu_92_p2 SOURCE gray_kernel.cpp:15 VARIABLE icmp_ln15 LOOP {} BUNDLEDNAME {} DSP 0 BRAM 0 URAM 0 STORAGESUBTYPE {} DISPNAME {bind_op setgt} VISIBLE false} {BINDTYPE op ID {} IMPL fabric LATENCY 0 OPTYPE sub PRAGMA {} RTLNAME sub_ln15_fu_114_p2 SOURCE gray_kernel.cpp:15 VARIABLE sub_ln15 LOOP {} BUNDLEDNAME {} DSP 0 BRAM 0 URAM 0 STORAGESUBTYPE {} DISPNAME {bind_op sub} VISIBLE true} {BINDTYPE op ID {} IMPL auto_sel LATENCY 0 OPTYPE select PRAGMA {} RTLNAME empty_fu_120_p3 SOURCE gray_kernel.cpp:15 VARIABLE empty LOOP {} BUNDLEDNAME {} DSP 0 BRAM 0 URAM 0 STORAGESUBTYPE {} DISPNAME {bind_op select} VISIBLE false}} AREA {DSP 0 BRAM 0 URAM 0}} proc_stage_Pipeline_VITIS_LOOP_24_1 {BINDINFO {{BINDTYPE op ID {} IMPL auto LATENCY 0 OPTYPE setlt PRAGMA {} RTLNAME icmp_ln24_fu_91_p2 SOURCE gray_kernel.cpp:24 VARIABLE icmp_ln24 LOOP VITIS_LOOP_24_1 BUNDLEDNAME {} DSP 0 BRAM 0 URAM 0 STORAGESUBTYPE {} DISPNAME {bind_op setlt} VISIBLE false} {BINDTYPE op ID {} IMPL fabric LATENCY 0 OPTYPE add PRAGMA {} RTLNAME add_ln24_fu_97_p2 SOURCE gray_kernel.cpp:24 VARIABLE add_ln24 LOOP VITIS_LOOP_24_1 BUNDLEDNAME {} DSP 0 BRAM 0 URAM 0 STORAGESUBTYPE {} DISPNAME {bind_op add} VISIBLE true} {BINDTYPE op ID {} IMPL auto LATENCY 0 OPTYPE mul PRAGMA {} RTLNAME mul_8ns_10ns_17_1_1_U12 SOURCE gray_kernel.cpp:31 VARIABLE mul_ln31 LOOP VITIS_LOOP_24_1 BUNDLEDNAME {} DSP 0 BRAM 0 URAM 0 STORAGESUBTYPE {} DISPNAME {bind_op mul} VISIBLE true} {BINDTYPE op ID {} IMPL dsp_slice LATENCY 3 OPTYPE mul PRAGMA {} RTLNAME mac_muladd_10ns_8ns_17ns_18_4_1_U14 SOURCE gray_kernel.cpp:31 VARIABLE mul_ln31_1 LOOP VITIS_LOOP_24_1 BUNDLEDNAME {} DSP 1 BRAM 0 URAM 0 STORAGESUBTYPE {} DISPNAME {bind_op mul} VISIBLE true} {BINDTYPE op ID {} IMPL dsp_slice LATENCY 3 OPTYPE mul PRAGMA {} RTLNAME mac_muladd_8ns_7ns_17ns_17_4_1_U13 SOURCE gray_kernel.cpp:31 VARIABLE mul_ln31_2 LOOP VITIS_LOOP_24_1 BUNDLEDNAME {} DSP 1 BRAM 0 URAM 0 STORAGESUBTYPE {} DISPNAME {bind_op mul} VISIBLE true} {BINDTYPE op ID {} IMPL dsp_slice LATENCY 3 OPTYPE zext PRAGMA {} RTLNAME mac_muladd_8ns_7ns_17ns_17_4_1_U13 SOURCE gray_kernel.cpp:31 VARIABLE zext_ln31_3 LOOP VITIS_LOOP_24_1 BUNDLEDNAME {} DSP 1 BRAM 0 URAM 0 STORAGESUBTYPE {} DISPNAME {bind_op zext} VISIBLE false} {BINDTYPE op ID {} IMPL dsp_slice LATENCY 3 OPTYPE add PRAGMA {} RTLNAME mac_muladd_8ns_7ns_17ns_17_4_1_U13 SOURCE gray_kernel.cpp:31 VARIABLE add_ln31 LOOP VITIS_LOOP_24_1 BUNDLEDNAME {} DSP 1 BRAM 0 URAM 0 STORAGESUBTYPE {} DISPNAME {bind_op add} VISIBLE true} {BINDTYPE op ID {} IMPL dsp_slice LATENCY 3 OPTYPE add PRAGMA {} RTLNAME mac_muladd_10ns_8ns_17ns_18_4_1_U14 SOURCE gray_kernel.cpp:31 VARIABLE add_ln31_1 LOOP VITIS_LOOP_24_1 BUNDLEDNAME {} DSP 1 BRAM 0 URAM 0 STORAGESUBTYPE {} DISPNAME {bind_op add} VISIBLE true}} AREA {DSP 2 BRAM 0 URAM 0}} write_stage_Pipeline_VITIS_LOOP_38_1 {BINDINFO {{BINDTYPE op ID {} IMPL auto LATENCY 0 OPTYPE setlt PRAGMA {} RTLNAME icmp_ln38_fu_92_p2 SOURCE gray_kernel.cpp:38 VARIABLE icmp_ln38 LOOP VITIS_LOOP_38_1 BUNDLEDNAME {} DSP 0 BRAM 0 URAM 0 STORAGESUBTYPE {} DISPNAME {bind_op setlt} VISIBLE false} {BINDTYPE op ID {} IMPL fabric LATENCY 0 OPTYPE add PRAGMA {} RTLNAME add_ln38_fu_104_p2 SOURCE gray_kernel.cpp:38 VARIABLE add_ln38 LOOP VITIS_LOOP_38_1 BUNDLEDNAME {} DSP 0 BRAM 0 URAM 0 STORAGESUBTYPE {} DISPNAME {bind_op add} VISIBLE true}} AREA {DSP 0 BRAM 0 URAM 0}} write_stage {BINDINFO {{BINDTYPE op ID {} IMPL auto LATENCY 0 OPTYPE setgt PRAGMA {} RTLNAME icmp_ln38_fu_79_p2 SOURCE gray_kernel.cpp:38 VARIABLE icmp_ln38 LOOP {} BUNDLEDNAME {} DSP 0 BRAM 0 URAM 0 STORAGESUBTYPE {} DISPNAME {bind_op setgt} VISIBLE false} {BINDTYPE op ID {} IMPL auto_sel LATENCY 0 OPTYPE select PRAGMA {} RTLNAME empty_fu_89_p3 SOURCE gray_kernel.cpp:38 VARIABLE empty LOOP {} BUNDLEDNAME {} DSP 0 BRAM 0 URAM 0 STORAGESUBTYPE {} DISPNAME {bind_op select} VISIBLE false}} AREA {DSP 0 BRAM 0 URAM 0}} gray_kernel {BINDINFO {{BINDTYPE storage ID {} IMPL srl LATENCY 0 OPTYPE fifo PRAGMA {} RTLNAME out_r_c_U SOURCE gray_kernel.cpp:53 VARIABLE out_r_c LOOP {} BUNDLEDNAME {} DSP 0 BRAM 0 URAM 0 STORAGESUBTYPE {scalar prop} STORAGESIZE {64 4 1} STORAGEUSAGE {fifo channel} DISPNAME {bind_storage fifo} VISIBLE true} {BINDTYPE storage ID {} IMPL memory LATENCY 0 OPTYPE fifo PRAGMA {} RTLNAME stream_in_U SOURCE gray_kernel.cpp:54 VARIABLE stream_in LOOP {} BUNDLEDNAME {} DSP 0 BRAM 2 URAM 0 STORAGESUBTYPE stream STORAGESIZE {24 256 1} STORAGEUSAGE {fifo channel} DISPNAME {bind_storage fifo} VISIBLE true} {BINDTYPE storage ID {} IMPL srl LATENCY 0 OPTYPE fifo PRAGMA {} RTLNAME num_pixels_c1_U SOURCE gray_kernel.cpp:53 VARIABLE num_pixels_c1 LOOP {} BUNDLEDNAME {} DSP 0 BRAM 0 URAM 0 STORAGESUBTYPE {scalar prop} STORAGESIZE {32 2 1} STORAGEUSAGE {fifo channel} DISPNAME {bind_storage fifo} VISIBLE true} {BINDTYPE storage ID {} IMPL memory LATENCY 0 OPTYPE fifo PRAGMA {} RTLNAME stream_out_U SOURCE gray_kernel.cpp:55 VARIABLE stream_out LOOP {} BUNDLEDNAME {} DSP 0 BRAM 1 URAM 0 STORAGESUBTYPE stream STORAGESIZE {8 256 1} STORAGEUSAGE {fifo channel} DISPNAME {bind_storage fifo} VISIBLE true} {BINDTYPE storage ID {} IMPL srl LATENCY 0 OPTYPE fifo PRAGMA {} RTLNAME num_pixels_c_U SOURCE gray_kernel.cpp:53 VARIABLE num_pixels_c LOOP {} BUNDLEDNAME {} DSP 0 BRAM 0 URAM 0 STORAGESUBTYPE {scalar prop} STORAGESIZE {32 2 1} STORAGEUSAGE {fifo channel} DISPNAME {bind_storage fifo} VISIBLE true}} AREA {DSP 2 BRAM 5 URAM 0}} entry_proc {AREA {DSP 0 BRAM 0 URAM 0}} proc_stage {AREA {DSP 2 BRAM 0 URAM 0}}}}'
INFO-FLOW: DBG:PUTS:      update_csynth_reports json2rpt_hw_sw_interfaces
Execute         send_msg_by_id INFO @200-1603@%s  and missed bursts 
INFO: [HLS 200-1603] Design has inferred MAXI bursts and missed bursts, see Vitis HLS GUI synthesis summary report for detailed information.
INFO-FLOW: Running: gen_csynth_sec_pragma
INFO-FLOW: Done: gen_csynth_sec_pragma time: 0 seconds per iteration
INFO-FLOW: DBG:PUTS:      update_csynth_reports wrote xml
INFO-FLOW: DBG:PUTS:      update_csynth_reports appended to csynth rpt file
INFO: [HLS 200-111] Finished Updating report files: CPU user time: 0.41 seconds. CPU system time: 0.11 seconds. Elapsed time: 0.67 seconds; current allocated memory: 365.719 MB.
INFO: [VHDL 208-304] Generating VHDL RTL for gray_kernel.
INFO: [VLOG 209-307] Generating Verilog RTL for gray_kernel.
Execute         syn_report -model gray_kernel -printsummary 
INFO: [HLS 200-789] **** Estimated Fmax: 342.47 MHz
Command       autosyn done; 1.94 sec.
Command     csynth_design done; 12.72 sec.
INFO: [HLS 200-2161] Finished Command csynth_design Elapsed time: 00:00:12; Allocated memory: 108.785 MB.
Execute     cosim_design -rtl verilog 
INFO: [HLS 200-1510] Running: cosim_design -rtl verilog 
Execute       source /home/jezuniga/mnt/HDD/Maestria/2026Q2/Diseno_de_alto_nivel_de_sistemas_electronicos/image_processing_system/HSL_Vitis/gray_kernel_prj/solution1/.autopilot/db/global.setting.tcl 
Execute       source /home/jezuniga/mnt/HDD/Maestria/2026Q2/Diseno_de_alto_nivel_de_sistemas_electronicos/image_processing_system/HSL_Vitis/gray_kernel_prj/solution1/.autopilot/db/global.setting.tcl 
Execute       source /home/jezuniga/mnt/HDD/Maestria/2026Q2/Diseno_de_alto_nivel_de_sistemas_electronicos/image_processing_system/HSL_Vitis/gray_kernel_prj/solution1/.autopilot/db/global.setting.tcl 
INFO-FLOW: DBG:PUTS: read_platform_lib /home/jezuniga/mnt/HDD/Maestria/2026Q2/Diseno_de_alto_nivel_de_sistemas_electronicos/image_processing_system/HSL_Vitis/gray_kernel_prj/solution1/.autopilot/db/global.setting.tcl
Execute       source /home/jezuniga/tools/Xilinx/Vitis_HLS/2024.1/common/technology/generic/autopilot/common.gen 
Execute         source /home/jezuniga/tools/Xilinx/Vitis_HLS/2024.1/common/technology/generic/autopilot/APCoreGen.gen 
Execute       source /home/jezuniga/tools/Xilinx/Vitis_HLS/2024.1/common/technology/generic/autopilot/op.gen 
Execute       source /home/jezuniga/tools/Xilinx/Vitis_HLS/2024.1/common/technology/generic/autopilot/op_simcore.gen 
Execute       source /home/jezuniga/tools/Xilinx/Vitis_HLS/2024.1/common/technology/generic/autopilot/interface.gen 
Execute       source /home/jezuniga/mnt/HDD/Maestria/2026Q2/Diseno_de_alto_nivel_de_sistemas_electronicos/image_processing_system/HSL_Vitis/gray_kernel_prj/solution1/.autopilot/db/global.setting.tcl 
Execute       source /home/jezuniga/tools/Xilinx/Vitis_HLS/2024.1/common/technology/xilinx/common/xilinx.gen 
Execute         source /home/jezuniga/tools/Xilinx/Vitis_HLS/2024.1/common/technology/xilinx/interface/plb46.gen 
Execute         source /home/jezuniga/tools/Xilinx/Vitis_HLS/2024.1/common/technology/xilinx/interface/axi4.gen 
Execute         source /home/jezuniga/tools/Xilinx/Vitis_HLS/2024.1/common/technology/xilinx/interface/nativeAXI4.gen 
Execute           source /home/jezuniga/tools/Xilinx/Vitis_HLS/2024.1/common/technology/xilinx/interface/saxilite.gen 
Execute         source /home/jezuniga/tools/Xilinx/Vitis_HLS/2024.1/common/technology/xilinx/scripts/xilinxcoregen.gen 
Execute         source /home/jezuniga/tools/Xilinx/Vitis_HLS/2024.1/common/technology/xilinx/interface/XilEDKCoreGen.gen 
Execute         source /home/jezuniga/tools/Xilinx/Vitis_HLS/2024.1/common/technology/xilinx/ip/xfir.gen 
Execute         source /home/jezuniga/tools/Xilinx/Vitis_HLS/2024.1/common/technology/xilinx/ip/util.gen 
Execute         source /home/jezuniga/tools/Xilinx/Vitis_HLS/2024.1/common/technology/xilinx/ip/xfft.gen 
Execute         source /home/jezuniga/tools/Xilinx/Vitis_HLS/2024.1/common/technology/xilinx/ip/dds_compiler.gen 
Execute         source /home/jezuniga/tools/Xilinx/Vitis_HLS/2024.1/common/technology/xilinx/DSP48/dsp48.gen 
Execute       ap_part_info -name xck26-sfvc784-2LV-c -data names -quiet 
Execute       ap_part_info -name xck26-sfvc784-2LV-c -data info -quiet 
Execute       source /home/jezuniga/mnt/HDD/Maestria/2026Q2/Diseno_de_alto_nivel_de_sistemas_electronicos/image_processing_system/HSL_Vitis/gray_kernel_prj/solution1/.autopilot/db/global.setting.tcl 
Execute       source /home/jezuniga/mnt/HDD/Maestria/2026Q2/Diseno_de_alto_nivel_de_sistemas_electronicos/image_processing_system/HSL_Vitis/gray_kernel_prj/solution1/.autopilot/db/gray_kernel.rtl_wrap.cfg.tcl 
Execute       source /home/jezuniga/mnt/HDD/Maestria/2026Q2/Diseno_de_alto_nivel_de_sistemas_electronicos/image_processing_system/HSL_Vitis/gray_kernel_prj/solution1/.autopilot/db/gray_kernel.tbgen.tcl 
Execute       source /home/jezuniga/mnt/HDD/Maestria/2026Q2/Diseno_de_alto_nivel_de_sistemas_electronicos/image_processing_system/HSL_Vitis/gray_kernel_prj/solution1/.autopilot/db/gray_kernel.tbgen.tcl 
Execute       source /home/jezuniga/mnt/HDD/Maestria/2026Q2/Diseno_de_alto_nivel_de_sistemas_electronicos/image_processing_system/HSL_Vitis/gray_kernel_prj/solution1/.autopilot/db/gray_kernel.tbgen.tcl 
Execute       source /home/jezuniga/mnt/HDD/Maestria/2026Q2/Diseno_de_alto_nivel_de_sistemas_electronicos/image_processing_system/HSL_Vitis/gray_kernel_prj/solution1/.autopilot/db/gray_kernel.tbgen.tcl 
INFO: [COSIM 212-47] Using XSIM for RTL simulation.
INFO: [COSIM 212-14] Instrumenting C test bench ...
Execute       ap_part_info -name xck26-sfvc784-2LV-c -data info 
INFO-FLOW: run_clang exec: /home/jezuniga/tools/Xilinx/Vitis_HLS/2024.1/vcxx/libexec/clang -fno-builtin-isinf -fno-builtin-isnan -E -Wno-unknown-pragmas -Wno-unknown-pragmas -DGCC_COMPATIBLE_APINT -DAESL_TB -D__HLS_COSIM__ -D__VITIS_HLS__ -I /usr/include/x86_64-linux-gnu -I /home/jezuniga/tools/Xilinx/Vitis_HLS/2024.1/include -I include /home/jezuniga/mnt/HDD/Maestria/2026Q2/Diseno_de_alto_nivel_de_sistemas_electronicos/image_processing_system/HSL_Vitis/tb_gray.cpp -o /home/jezuniga/mnt/HDD/Maestria/2026Q2/Diseno_de_alto_nivel_de_sistemas_electronicos/image_processing_system/HSL_Vitis/gray_kernel_prj/solution1/./sim/autowrap/testbench/tb_gray.cpp_pre.cpp -std=gnu++14 -D__DSP48E2__ --gcc-toolchain=/home/jezuniga/tools/Xilinx/Vitis_HLS/2024.1/tps/lnx64/gcc-8.3.0 > /home/jezuniga/mnt/HDD/Maestria/2026Q2/Diseno_de_alto_nivel_de_sistemas_electronicos/image_processing_system/HSL_Vitis/gray_kernel_prj/solution1/.autopilot/db/tb_gray.cpp.clang.autosim-tb.out.log 2> /home/jezuniga/mnt/HDD/Maestria/2026Q2/Diseno_de_alto_nivel_de_sistemas_electronicos/image_processing_system/HSL_Vitis/gray_kernel_prj/solution1/.autopilot/db/tb_gray.cpp.clang.autosim-tb.err.log
INFO-FLOW: TB processing: /home/jezuniga/mnt/HDD/Maestria/2026Q2/Diseno_de_alto_nivel_de_sistemas_electronicos/image_processing_system/HSL_Vitis/tb_gray.cpp /home/jezuniga/mnt/HDD/Maestria/2026Q2/Diseno_de_alto_nivel_de_sistemas_electronicos/image_processing_system/HSL_Vitis/gray_kernel_prj/solution1/./sim/autowrap/testbench/tb_gray.cpp_pre.cpp
Execute       clang_tidy xilinx-tb-process -desc tb-process /home/jezuniga/mnt/HDD/Maestria/2026Q2/Diseno_de_alto_nivel_de_sistemas_electronicos/image_processing_system/HSL_Vitis/gray_kernel_prj/solution1/./sim/autowrap/testbench/tb_gray.cpp_pre.cpp.tb.cpp std=gnu++14 
INFO-FLOW: exec /home/jezuniga/tools/Xilinx/Vitis_HLS/2024.1/lnx64/tools/clang-3.9-csynth/bin/clang-tidy -header-filter=.* --checks=-*,xilinx-tb-process -fix-errors /home/jezuniga/mnt/HDD/Maestria/2026Q2/Diseno_de_alto_nivel_de_sistemas_electronicos/image_processing_system/HSL_Vitis/gray_kernel_prj/solution1/./sim/autowrap/testbench/tb_gray.cpp_pre.cpp.tb.cpp -- -std=gnu++14 -fhls -ferror-limit=0
Command       clang_tidy done; 0.28 sec.
Execute       ap_part_info -name xck26-sfvc784-2LV-c -data info 
INFO-FLOW: run_clang exec: /home/jezuniga/tools/Xilinx/Vitis_HLS/2024.1/vcxx/libexec/clang -fno-builtin-isinf -fno-builtin-isnan -E -DGCC_COMPATIBLE_APINT -DAESL_TB -D__HLS_COSIM__ -D__VITIS_HLS__ -I /usr/include/x86_64-linux-gnu -I /home/jezuniga/tools/Xilinx/Vitis_HLS/2024.1/include -I include /home/jezuniga/mnt/HDD/Maestria/2026Q2/Diseno_de_alto_nivel_de_sistemas_electronicos/image_processing_system/HSL_Vitis/gray_kernel.cpp -o /home/jezuniga/mnt/HDD/Maestria/2026Q2/Diseno_de_alto_nivel_de_sistemas_electronicos/image_processing_system/HSL_Vitis/gray_kernel_prj/solution1/./sim/autowrap/testbench/gray_kernel.cpp_pre.cpp -std=gnu++14 -D__DSP48E2__ --gcc-toolchain=/home/jezuniga/tools/Xilinx/Vitis_HLS/2024.1/tps/lnx64/gcc-8.3.0 > /home/jezuniga/mnt/HDD/Maestria/2026Q2/Diseno_de_alto_nivel_de_sistemas_electronicos/image_processing_system/HSL_Vitis/gray_kernel_prj/solution1/.autopilot/db/gray_kernel.cpp.clang.autosim-tb.out.log 2> /home/jezuniga/mnt/HDD/Maestria/2026Q2/Diseno_de_alto_nivel_de_sistemas_electronicos/image_processing_system/HSL_Vitis/gray_kernel_prj/solution1/.autopilot/db/gray_kernel.cpp.clang.autosim-tb.err.log
INFO-FLOW: TB processing: /home/jezuniga/mnt/HDD/Maestria/2026Q2/Diseno_de_alto_nivel_de_sistemas_electronicos/image_processing_system/HSL_Vitis/gray_kernel.cpp /home/jezuniga/mnt/HDD/Maestria/2026Q2/Diseno_de_alto_nivel_de_sistemas_electronicos/image_processing_system/HSL_Vitis/gray_kernel_prj/solution1/./sim/autowrap/testbench/gray_kernel.cpp_pre.cpp
Execute       clang_tidy xilinx-tb-process -desc tb-process /home/jezuniga/mnt/HDD/Maestria/2026Q2/Diseno_de_alto_nivel_de_sistemas_electronicos/image_processing_system/HSL_Vitis/gray_kernel_prj/solution1/./sim/autowrap/testbench/gray_kernel.cpp_pre.cpp.tb.cpp std=gnu++14 
INFO-FLOW: exec /home/jezuniga/tools/Xilinx/Vitis_HLS/2024.1/lnx64/tools/clang-3.9-csynth/bin/clang-tidy -header-filter=.* --checks=-*,xilinx-tb-process -fix-errors /home/jezuniga/mnt/HDD/Maestria/2026Q2/Diseno_de_alto_nivel_de_sistemas_electronicos/image_processing_system/HSL_Vitis/gray_kernel_prj/solution1/./sim/autowrap/testbench/gray_kernel.cpp_pre.cpp.tb.cpp -- -std=gnu++14 -fhls -ferror-limit=0
Command       clang_tidy done; 1.4 sec.
Execute       source /home/jezuniga/mnt/HDD/Maestria/2026Q2/Diseno_de_alto_nivel_de_sistemas_electronicos/image_processing_system/HSL_Vitis/gray_kernel_prj/solution1/./sim/autowrap/testbench/tb.status.tcl 
Execute       source /home/jezuniga/mnt/HDD/Maestria/2026Q2/Diseno_de_alto_nivel_de_sistemas_electronicos/image_processing_system/HSL_Vitis/gray_kernel_prj/solution1/.autopilot/db/global.setting.tcl 
Execute       source /home/jezuniga/mnt/HDD/Maestria/2026Q2/Diseno_de_alto_nivel_de_sistemas_electronicos/image_processing_system/HSL_Vitis/gray_kernel_prj/solution1/.autopilot/db/gray_kernel.rtl_wrap.cfg.tcl 
Execute       source /home/jezuniga/mnt/HDD/Maestria/2026Q2/Diseno_de_alto_nivel_de_sistemas_electronicos/image_processing_system/HSL_Vitis/gray_kernel_prj/solution1/.autopilot/db/gray_kernel.rtl_wrap.cfg.tcl 
Execute       source /home/jezuniga/mnt/HDD/Maestria/2026Q2/Diseno_de_alto_nivel_de_sistemas_electronicos/image_processing_system/HSL_Vitis/gray_kernel_prj/solution1/.autopilot/db/gray_kernel.rtl_wrap.cfg.tcl 
Execute       source /home/jezuniga/mnt/HDD/Maestria/2026Q2/Diseno_de_alto_nivel_de_sistemas_electronicos/image_processing_system/HSL_Vitis/gray_kernel_prj/solution1/.autopilot/db/gray_kernel.tbgen.tcl 
Execute       source /home/jezuniga/mnt/HDD/Maestria/2026Q2/Diseno_de_alto_nivel_de_sistemas_electronicos/image_processing_system/HSL_Vitis/gray_kernel_prj/solution1/.autopilot/db/gray_kernel.tbgen.tcl 
Execute       source /home/jezuniga/mnt/HDD/Maestria/2026Q2/Diseno_de_alto_nivel_de_sistemas_electronicos/image_processing_system/HSL_Vitis/gray_kernel_prj/solution1/.autopilot/db/gray_kernel.tbgen.tcl 
Execute       ap_part_info -name xck26-sfvc784-2LV-c -data info 
Execute       source .run_sim.tcl 
INFO: [COSIM 212-302] Starting C TB testing ... 
Command       ap_source done; 4.64 sec.
INFO: [COSIM 212-333] Generating C post check test bench ...
INFO: [COSIM 212-12] Generating RTL test bench ...
Execute       source ../tv/cdatafile/ref.tcl 
Execute       source /home/jezuniga/mnt/HDD/Maestria/2026Q2/Diseno_de_alto_nivel_de_sistemas_electronicos/image_processing_system/HSL_Vitis/gray_kernel_prj/solution1/.autopilot/db/gray_kernel.tbgen.tcl 
Execute       source /home/jezuniga/mnt/HDD/Maestria/2026Q2/Diseno_de_alto_nivel_de_sistemas_electronicos/image_processing_system/HSL_Vitis/gray_kernel_prj/solution1/.autopilot/db/gray_kernel.tbgen.tcl 
Execute       source /home/jezuniga/mnt/HDD/Maestria/2026Q2/Diseno_de_alto_nivel_de_sistemas_electronicos/image_processing_system/HSL_Vitis/gray_kernel_prj/solution1/.autopilot/db/gray_kernel.tbgen.tcl 
Execute       source /home/jezuniga/mnt/HDD/Maestria/2026Q2/Diseno_de_alto_nivel_de_sistemas_electronicos/image_processing_system/HSL_Vitis/gray_kernel_prj/solution1/.autopilot/db/gray_kernel.tbgen.tcl 
Execute       source ../tv/cdatafile/ref.tcl 
Execute       source /home/jezuniga/mnt/HDD/Maestria/2026Q2/Diseno_de_alto_nivel_de_sistemas_electronicos/image_processing_system/HSL_Vitis/gray_kernel_prj/solution1/.autopilot/db/gray_kernel.tbgen.tcl 
Execute       source /home/jezuniga/mnt/HDD/Maestria/2026Q2/Diseno_de_alto_nivel_de_sistemas_electronicos/image_processing_system/HSL_Vitis/gray_kernel_prj/solution1/.autopilot/db/gray_kernel.tbgen.tcl 
Execute       source /home/jezuniga/mnt/HDD/Maestria/2026Q2/Diseno_de_alto_nivel_de_sistemas_electronicos/image_processing_system/HSL_Vitis/gray_kernel_prj/solution1/.autopilot/db/gray_kernel.tbgen.tcl 
Execute       source /home/jezuniga/mnt/HDD/Maestria/2026Q2/Diseno_de_alto_nivel_de_sistemas_electronicos/image_processing_system/HSL_Vitis/gray_kernel_prj/solution1/.autopilot/db/gray_kernel.tbgen.tcl 
Execute       source /home/jezuniga/mnt/HDD/Maestria/2026Q2/Diseno_de_alto_nivel_de_sistemas_electronicos/image_processing_system/HSL_Vitis/gray_kernel_prj/solution1/.autopilot/db/gray_kernel.tbgen.tcl 
Execute       source /home/jezuniga/mnt/HDD/Maestria/2026Q2/Diseno_de_alto_nivel_de_sistemas_electronicos/image_processing_system/HSL_Vitis/gray_kernel_prj/solution1/.autopilot/db/gray_kernel.tbgen.tcl 
Execute       source /home/jezuniga/mnt/HDD/Maestria/2026Q2/Diseno_de_alto_nivel_de_sistemas_electronicos/image_processing_system/HSL_Vitis/gray_kernel_prj/solution1/.autopilot/db/gray_kernel.tbgen.tcl 
Execute       source /home/jezuniga/mnt/HDD/Maestria/2026Q2/Diseno_de_alto_nivel_de_sistemas_electronicos/image_processing_system/HSL_Vitis/gray_kernel_prj/solution1/.autopilot/db/gray_kernel.tbgen.tcl 
Execute       source /home/jezuniga/mnt/HDD/Maestria/2026Q2/Diseno_de_alto_nivel_de_sistemas_electronicos/image_processing_system/HSL_Vitis/gray_kernel_prj/solution1/.autopilot/db/gray_kernel.tbgen.tcl 
Execute       source /home/jezuniga/mnt/HDD/Maestria/2026Q2/Diseno_de_alto_nivel_de_sistemas_electronicos/image_processing_system/HSL_Vitis/gray_kernel_prj/solution1/.autopilot/db/gray_kernel.tbgen.tcl 
Execute       source /home/jezuniga/mnt/HDD/Maestria/2026Q2/Diseno_de_alto_nivel_de_sistemas_electronicos/image_processing_system/HSL_Vitis/gray_kernel_prj/solution1/.autopilot/db/gray_kernel.tbgen.tcl 
Execute       source /home/jezuniga/mnt/HDD/Maestria/2026Q2/Diseno_de_alto_nivel_de_sistemas_electronicos/image_processing_system/HSL_Vitis/gray_kernel_prj/solution1/.autopilot/db/gray_kernel.DependenceCheck.tcl 
Execute       source /home/jezuniga/mnt/HDD/Maestria/2026Q2/Diseno_de_alto_nivel_de_sistemas_electronicos/image_processing_system/HSL_Vitis/gray_kernel_prj/solution1/.autopilot/db/gray_kernel.tbgen.tcl 
INFO: [COSIM 212-1] *** C/RTL co-simulation file generation completed. ***
Execute       source .run_sim.tcl 
Execute         source check_sim.tcl 
Execute         source dataflow_monitor_API.tcl 
Execute         source .sim.status.tcl 
INFO: [COSIM 212-323] Starting verilog simulation. 
INFO: [COSIM 212-15] Starting XSIM ...
INFO: [COSIM 212-316] Starting C post checking ...
Command       ap_source done; 202.81 sec.
INFO: [COSIM 212-1000] *** C/RTL co-simulation finished: PASS ***
INFO: [COSIM 212-211] II is measurable only when transaction number is greater than 1 in RTL simulation. Otherwise, they will be marked as all NA. If user wants to calculate them, please make sure there are at least 2 transactions in RTL simulation.
Command     cosim_design done; 216.14 sec.
INFO: [HLS 200-2161] Finished Command cosim_design Elapsed time: 00:03:36; Allocated memory: 8.664 MB.
Execute     export_design -flow syn -rtl verilog -format ip_catalog 
INFO: [HLS 200-1510] Running: export_design -flow syn -rtl verilog -format ip_catalog 
Execute       config_export -flow=syn -format=ip_catalog -rtl=verilog 
INFO-FLOW: DBG:PUTS: export_design_wrap: -flow syn -format ip_catalog -rtl verilog
Execute       source /home/jezuniga/mnt/HDD/Maestria/2026Q2/Diseno_de_alto_nivel_de_sistemas_electronicos/image_processing_system/HSL_Vitis/gray_kernel_prj/solution1/.autopilot/db/global.setting.tcl 
INFO-FLOW: DBG:PUTS:   auto_impl: pack: -export -rtl verilog
INFO-FLOW: DBG:PROC: ::AESL_AUTOIMPL::auto_impl args='-export -rtl verilog'
Execute       source /home/jezuniga/mnt/HDD/Maestria/2026Q2/Diseno_de_alto_nivel_de_sistemas_electronicos/image_processing_system/HSL_Vitis/gray_kernel_prj/solution1/.autopilot/db/global.setting.tcl 
INFO: [IMPL 213-8] Exporting RTL as a Vivado IP.
INFO-FLOW: DBG:PUTS: automg_wrap -export -pcore_version 1.00.a -rtl vlog -tool Vivado -impltomg_flag
INFO-FLOW: DBG:PROC: ::AESL_AUTOMG::auto_generate args='-export -pcore_version 1.00.a -rtl vlog -tool Vivado -impltomg_flag'
INFO-FLOW: DBG:PUTS:     auto_generate -export -pcore_version 1.00.a -rtl vlog -tool Vivado -impltomg_flag
Execute       source /home/jezuniga/mnt/HDD/Maestria/2026Q2/Diseno_de_alto_nivel_de_sistemas_electronicos/image_processing_system/HSL_Vitis/gray_kernel_prj/solution1/.autopilot/db/global.setting.tcl 
INFO-FLOW: DBG:PUTS: read_platform_lib /home/jezuniga/mnt/HDD/Maestria/2026Q2/Diseno_de_alto_nivel_de_sistemas_electronicos/image_processing_system/HSL_Vitis/gray_kernel_prj/solution1/.autopilot/db/global.setting.tcl
Execute       source /home/jezuniga/tools/Xilinx/Vitis_HLS/2024.1/common/technology/generic/autopilot/common.gen 
Execute         source /home/jezuniga/tools/Xilinx/Vitis_HLS/2024.1/common/technology/generic/autopilot/APCoreGen.gen 
Execute       source /home/jezuniga/tools/Xilinx/Vitis_HLS/2024.1/common/technology/generic/autopilot/op.gen 
Execute       source /home/jezuniga/tools/Xilinx/Vitis_HLS/2024.1/common/technology/generic/autopilot/op_simcore.gen 
Execute       source /home/jezuniga/tools/Xilinx/Vitis_HLS/2024.1/common/technology/generic/autopilot/interface.gen 
Execute       source /home/jezuniga/mnt/HDD/Maestria/2026Q2/Diseno_de_alto_nivel_de_sistemas_electronicos/image_processing_system/HSL_Vitis/gray_kernel_prj/solution1/.autopilot/db/global.setting.tcl 
Execute       source /home/jezuniga/tools/Xilinx/Vitis_HLS/2024.1/common/technology/xilinx/common/xilinx.gen 
Execute         source /home/jezuniga/tools/Xilinx/Vitis_HLS/2024.1/common/technology/xilinx/interface/plb46.gen 
Execute         source /home/jezuniga/tools/Xilinx/Vitis_HLS/2024.1/common/technology/xilinx/interface/axi4.gen 
Execute         source /home/jezuniga/tools/Xilinx/Vitis_HLS/2024.1/common/technology/xilinx/interface/nativeAXI4.gen 
Execute           source /home/jezuniga/tools/Xilinx/Vitis_HLS/2024.1/common/technology/xilinx/interface/saxilite.gen 
Execute         source /home/jezuniga/tools/Xilinx/Vitis_HLS/2024.1/common/technology/xilinx/scripts/xilinxcoregen.gen 
Execute         source /home/jezuniga/tools/Xilinx/Vitis_HLS/2024.1/common/technology/xilinx/interface/XilEDKCoreGen.gen 
Execute         source /home/jezuniga/tools/Xilinx/Vitis_HLS/2024.1/common/technology/xilinx/ip/xfir.gen 
Execute         source /home/jezuniga/tools/Xilinx/Vitis_HLS/2024.1/common/technology/xilinx/ip/util.gen 
Execute         source /home/jezuniga/tools/Xilinx/Vitis_HLS/2024.1/common/technology/xilinx/ip/xfft.gen 
Execute         source /home/jezuniga/tools/Xilinx/Vitis_HLS/2024.1/common/technology/xilinx/ip/dds_compiler.gen 
Execute         source /home/jezuniga/tools/Xilinx/Vitis_HLS/2024.1/common/technology/xilinx/DSP48/dsp48.gen 
INFO-FLOW: DBG:PUTS:       initCTypeInfo top_module=gray_kernel xml_exists=0
Execute       source /home/jezuniga/mnt/HDD/Maestria/2026Q2/Diseno_de_alto_nivel_de_sistemas_electronicos/image_processing_system/HSL_Vitis/gray_kernel_prj/solution1/.autopilot/db/gray_kernel.rtl_wrap.cfg.tcl 
Execute       source /home/jezuniga/mnt/HDD/Maestria/2026Q2/Diseno_de_alto_nivel_de_sistemas_electronicos/image_processing_system/HSL_Vitis/gray_kernel_prj/solution1/.autopilot/db/gray_kernel.rtl_wrap.cfg.tcl 
Execute       source /home/jezuniga/mnt/HDD/Maestria/2026Q2/Diseno_de_alto_nivel_de_sistemas_electronicos/image_processing_system/HSL_Vitis/gray_kernel_prj/solution1/.autopilot/db/gray_kernel.rtl_wrap.cfg.tcl 
Execute       source /home/jezuniga/mnt/HDD/Maestria/2026Q2/Diseno_de_alto_nivel_de_sistemas_electronicos/image_processing_system/HSL_Vitis/gray_kernel_prj/solution1/.autopilot/db/gray_kernel.tbgen.tcl 
Execute       source /home/jezuniga/mnt/HDD/Maestria/2026Q2/Diseno_de_alto_nivel_de_sistemas_electronicos/image_processing_system/HSL_Vitis/gray_kernel_prj/solution1/.autopilot/db/gray_kernel.tbgen.tcl 
Execute       source /home/jezuniga/mnt/HDD/Maestria/2026Q2/Diseno_de_alto_nivel_de_sistemas_electronicos/image_processing_system/HSL_Vitis/gray_kernel_prj/solution1/.autopilot/db/gray_kernel.tbgen.tcl 
Execute       source /home/jezuniga/mnt/HDD/Maestria/2026Q2/Diseno_de_alto_nivel_de_sistemas_electronicos/image_processing_system/HSL_Vitis/gray_kernel_prj/solution1/.autopilot/db/global.setting.tcl 
Execute       source /home/jezuniga/mnt/HDD/Maestria/2026Q2/Diseno_de_alto_nivel_de_sistemas_electronicos/image_processing_system/HSL_Vitis/gray_kernel_prj/solution1/.autopilot/db/gray_kernel.tbgen.tcl 
INFO-FLOW: DBG:PUTS:       cosim_export_main adding deadlock detection to gray_kernel
INFO-FLOW: DBG:PUTS:       generate_datafile_ip_script ip_types={vitis sysgen} #gSsdmPorts=0
INFO-FLOW: DBG:PUTS: Skipping loadAnalyze_DB, #g_database=4
INFO-FLOW: DBG:PUTS:       generate_json generate_bd_files=0 generate_xo_files=false #modelList=23 #gSsdmPorts=0
INFO-FLOW: DBG:PROC: ::AP::DESIGN_DATA::generate_json generate_bd_files='0' generate_xo_files='false' modelList='gray_kernel_flow_control_loop_pipe_sequential_init
gray_kernel_mul_8ns_10ns_17_1_1
gray_kernel_mac_muladd_8ns_7ns_17ns_17_4_1
gray_kernel_mac_muladd_10ns_8ns_17ns_18_4_1
gray_kernel_flow_control_loop_pipe_sequential_init
gray_kernel_flow_control_loop_pipe_sequential_init
gray_kernel_fifo_w64_d4_S
gray_kernel_fifo_w24_d256_A
gray_kernel_fifo_w32_d2_S
gray_kernel_fifo_w8_d256_A
gray_kernel_fifo_w32_d2_S
gray_kernel_start_for_write_stage_U0
gray_kernel_start_for_proc_stage_U0
gray_kernel_gmem_m_axi
gray_kernel_control_s_axi
entry_proc
read_stage_Pipeline_VITIS_LOOP_15_1
read_stage
proc_stage_Pipeline_VITIS_LOOP_24_1
proc_stage
write_stage_Pipeline_VITIS_LOOP_38_1
write_stage
gray_kernel
' rtl_lang='vlog' bootstrap_tcl='false' outdir='' outfilename=''
Execute       source /home/jezuniga/mnt/HDD/Maestria/2026Q2/Diseno_de_alto_nivel_de_sistemas_electronicos/image_processing_system/HSL_Vitis/gray_kernel_prj/solution1/.autopilot/db/global.setting.tcl 
Execute       source /home/jezuniga/mnt/HDD/Maestria/2026Q2/Diseno_de_alto_nivel_de_sistemas_electronicos/image_processing_system/HSL_Vitis/gray_kernel_prj/solution1/.autopilot/db/global.setting.tcl 
Execute       source /home/jezuniga/mnt/HDD/Maestria/2026Q2/Diseno_de_alto_nivel_de_sistemas_electronicos/image_processing_system/HSL_Vitis/gray_kernel_prj/solution1/.autopilot/db/top-io-be.tcl 
Execute       source /home/jezuniga/mnt/HDD/Maestria/2026Q2/Diseno_de_alto_nivel_de_sistemas_electronicos/image_processing_system/HSL_Vitis/gray_kernel_prj/solution1/.autopilot/db/gray_kernel.tbgen.tcl 
Execute       source /home/jezuniga/mnt/HDD/Maestria/2026Q2/Diseno_de_alto_nivel_de_sistemas_electronicos/image_processing_system/HSL_Vitis/gray_kernel_prj/solution1/.autopilot/db/gray_kernel.compgen.dataonly.tcl 
Execute       source /home/jezuniga/mnt/HDD/Maestria/2026Q2/Diseno_de_alto_nivel_de_sistemas_electronicos/image_processing_system/HSL_Vitis/gray_kernel_prj/solution1/.autopilot/db/gray_kernel.compgen.dataonly.tcl 
Execute       source /home/jezuniga/mnt/HDD/Maestria/2026Q2/Diseno_de_alto_nivel_de_sistemas_electronicos/image_processing_system/HSL_Vitis/gray_kernel_prj/solution1/.autopilot/db/gray_kernel.rtl_wrap.cfg.tcl 
Execute       source /home/jezuniga/mnt/HDD/Maestria/2026Q2/Diseno_de_alto_nivel_de_sistemas_electronicos/image_processing_system/HSL_Vitis/gray_kernel_prj/solution1/.autopilot/db/gray_kernel.compgen.dataonly.tcl 
Execute       source /home/jezuniga/mnt/HDD/Maestria/2026Q2/Diseno_de_alto_nivel_de_sistemas_electronicos/image_processing_system/HSL_Vitis/gray_kernel_prj/solution1/.autopilot/db/entry_proc.tbgen.tcl 
Execute       source /home/jezuniga/mnt/HDD/Maestria/2026Q2/Diseno_de_alto_nivel_de_sistemas_electronicos/image_processing_system/HSL_Vitis/gray_kernel_prj/solution1/.autopilot/db/read_stage_Pipeline_VITIS_LOOP_15_1.tbgen.tcl 
Execute       source /home/jezuniga/mnt/HDD/Maestria/2026Q2/Diseno_de_alto_nivel_de_sistemas_electronicos/image_processing_system/HSL_Vitis/gray_kernel_prj/solution1/.autopilot/db/read_stage.tbgen.tcl 
Execute       source /home/jezuniga/mnt/HDD/Maestria/2026Q2/Diseno_de_alto_nivel_de_sistemas_electronicos/image_processing_system/HSL_Vitis/gray_kernel_prj/solution1/.autopilot/db/proc_stage_Pipeline_VITIS_LOOP_24_1.tbgen.tcl 
Execute       source /home/jezuniga/mnt/HDD/Maestria/2026Q2/Diseno_de_alto_nivel_de_sistemas_electronicos/image_processing_system/HSL_Vitis/gray_kernel_prj/solution1/.autopilot/db/proc_stage.tbgen.tcl 
Execute       source /home/jezuniga/mnt/HDD/Maestria/2026Q2/Diseno_de_alto_nivel_de_sistemas_electronicos/image_processing_system/HSL_Vitis/gray_kernel_prj/solution1/.autopilot/db/write_stage_Pipeline_VITIS_LOOP_38_1.tbgen.tcl 
Execute       source /home/jezuniga/mnt/HDD/Maestria/2026Q2/Diseno_de_alto_nivel_de_sistemas_electronicos/image_processing_system/HSL_Vitis/gray_kernel_prj/solution1/.autopilot/db/write_stage.tbgen.tcl 
Execute       source /home/jezuniga/mnt/HDD/Maestria/2026Q2/Diseno_de_alto_nivel_de_sistemas_electronicos/image_processing_system/HSL_Vitis/gray_kernel_prj/solution1/.autopilot/db/gray_kernel.tbgen.tcl 
Execute       source /home/jezuniga/mnt/HDD/Maestria/2026Q2/Diseno_de_alto_nivel_de_sistemas_electronicos/image_processing_system/HSL_Vitis/gray_kernel_prj/solution1/.autopilot/db/global.setting.tcl 
Execute       ap_part_info -name xck26-sfvc784-2LV-c -data names -quiet 
Execute       ap_part_info -name xck26-sfvc784-2LV-c -data info -quiet 
Execute       source /home/jezuniga/mnt/HDD/Maestria/2026Q2/Diseno_de_alto_nivel_de_sistemas_electronicos/image_processing_system/HSL_Vitis/gray_kernel_prj/solution1/.autopilot/db/gray_kernel.constraint.tcl 
Execute       sc_get_clocks gray_kernel 
Execute       source /home/jezuniga/mnt/HDD/Maestria/2026Q2/Diseno_de_alto_nivel_de_sistemas_electronicos/image_processing_system/HSL_Vitis/gray_kernel_prj/solution1/.autopilot/db/global.setting.tcl 
INFO-FLOW: DBG:PUTS:       generate_syn_sh
Execute       ap_part_info -name xck26-sfvc784-2LV-c -data names -quiet 
Execute       ap_part_info -name xck26-sfvc784-2LV-c -data info -quiet 
Execute       source /home/jezuniga/mnt/HDD/Maestria/2026Q2/Diseno_de_alto_nivel_de_sistemas_electronicos/image_processing_system/HSL_Vitis/gray_kernel_prj/solution1/.autopilot/db/global.setting.tcl 
INFO-FLOW: DBG:PUTS:       generate_imp_constraints
Execute       ap_part_info -name xck26-sfvc784-2LV-c -data names -quiet 
Execute       ap_part_info -name xck26-sfvc784-2LV-c -data info -quiet 
Execute       source /home/jezuniga/mnt/HDD/Maestria/2026Q2/Diseno_de_alto_nivel_de_sistemas_electronicos/image_processing_system/HSL_Vitis/gray_kernel_prj/solution1/.autopilot/db/gray_kernel.constraint.tcl 
Execute       source /home/jezuniga/mnt/HDD/Maestria/2026Q2/Diseno_de_alto_nivel_de_sistemas_electronicos/image_processing_system/HSL_Vitis/gray_kernel_prj/solution1/.autopilot/db/gray_kernel.tbgen.tcl 
INFO-FLOW: DBG:PUTS:       delete-temp-dirs (skipped for debug)
Execute       ap_part_info -name xck26-sfvc784-2LV-c -data names -quiet 
Execute       ap_part_info -name xck26-sfvc784-2LV-c -data info -quiet 
INFO-FLOW: DBG:PUTS: read_platform_lib /home/jezuniga/mnt/HDD/Maestria/2026Q2/Diseno_de_alto_nivel_de_sistemas_electronicos/image_processing_system/HSL_Vitis/gray_kernel_prj/solution1/.autopilot/db/global.setting.tcl
Execute       source /home/jezuniga/tools/Xilinx/Vitis_HLS/2024.1/common/technology/generic/autopilot/common.gen 
Execute         source /home/jezuniga/tools/Xilinx/Vitis_HLS/2024.1/common/technology/generic/autopilot/APCoreGen.gen 
Execute       source /home/jezuniga/tools/Xilinx/Vitis_HLS/2024.1/common/technology/generic/autopilot/op.gen 
Execute       source /home/jezuniga/tools/Xilinx/Vitis_HLS/2024.1/common/technology/generic/autopilot/op_simcore.gen 
Execute       source /home/jezuniga/tools/Xilinx/Vitis_HLS/2024.1/common/technology/generic/autopilot/interface.gen 
Execute       source /home/jezuniga/mnt/HDD/Maestria/2026Q2/Diseno_de_alto_nivel_de_sistemas_electronicos/image_processing_system/HSL_Vitis/gray_kernel_prj/solution1/.autopilot/db/global.setting.tcl 
Execute       source /home/jezuniga/tools/Xilinx/Vitis_HLS/2024.1/common/technology/xilinx/common/xilinx.gen 
Execute         source /home/jezuniga/tools/Xilinx/Vitis_HLS/2024.1/common/technology/xilinx/interface/plb46.gen 
Execute         source /home/jezuniga/tools/Xilinx/Vitis_HLS/2024.1/common/technology/xilinx/interface/axi4.gen 
Execute         source /home/jezuniga/tools/Xilinx/Vitis_HLS/2024.1/common/technology/xilinx/interface/nativeAXI4.gen 
Execute           source /home/jezuniga/tools/Xilinx/Vitis_HLS/2024.1/common/technology/xilinx/interface/saxilite.gen 
Execute         source /home/jezuniga/tools/Xilinx/Vitis_HLS/2024.1/common/technology/xilinx/scripts/xilinxcoregen.gen 
Execute         source /home/jezuniga/tools/Xilinx/Vitis_HLS/2024.1/common/technology/xilinx/interface/XilEDKCoreGen.gen 
Execute         source /home/jezuniga/tools/Xilinx/Vitis_HLS/2024.1/common/technology/xilinx/ip/xfir.gen 
Execute         source /home/jezuniga/tools/Xilinx/Vitis_HLS/2024.1/common/technology/xilinx/ip/util.gen 
Execute         source /home/jezuniga/tools/Xilinx/Vitis_HLS/2024.1/common/technology/xilinx/ip/xfft.gen 
Execute         source /home/jezuniga/tools/Xilinx/Vitis_HLS/2024.1/common/technology/xilinx/ip/dds_compiler.gen 
Execute         source /home/jezuniga/tools/Xilinx/Vitis_HLS/2024.1/common/technology/xilinx/DSP48/dsp48.gen 
INFO-FLOW: DBG:PUTS:     IP package: exec /home/jezuniga/mnt/HDD/Maestria/2026Q2/Diseno_de_alto_nivel_de_sistemas_electronicos/image_processing_system/HSL_Vitis/gray_kernel_prj/solution1/impl/ip/pack.sh
INFO-FLOW: DBG:PUTS:     IP package: success /home/jezuniga/mnt/HDD/Maestria/2026Q2/Diseno_de_alto_nivel_de_sistemas_electronicos/image_processing_system/HSL_Vitis/gray_kernel_prj/solution1/impl/ip/pack.sh
INFO-FLOW: DBG:PUTS:   auto_impl: eval: -flow syn -rtl verilog
INFO-FLOW: DBG:PROC: ::AESL_AUTOIMPL::auto_impl args='-flow syn -rtl verilog'
Execute       source /home/jezuniga/mnt/HDD/Maestria/2026Q2/Diseno_de_alto_nivel_de_sistemas_electronicos/image_processing_system/HSL_Vitis/gray_kernel_prj/solution1/.autopilot/db/global.setting.tcl 
INFO: [IMPL 213-8] Starting RTL evaluation using Vivado ...
INFO-FLOW: DBG:PUTS: automg_wrap -rtl vlog -tool Vivado -impltomg_flag
INFO-FLOW: DBG:PROC: ::AESL_AUTOMG::auto_generate args='-rtl vlog -tool Vivado -impltomg_flag'
INFO-FLOW: DBG:PUTS:     auto_generate -rtl vlog -tool Vivado -impltomg_flag
Execute       source /home/jezuniga/mnt/HDD/Maestria/2026Q2/Diseno_de_alto_nivel_de_sistemas_electronicos/image_processing_system/HSL_Vitis/gray_kernel_prj/solution1/.autopilot/db/global.setting.tcl 
INFO-FLOW: DBG:PUTS: read_platform_lib /home/jezuniga/mnt/HDD/Maestria/2026Q2/Diseno_de_alto_nivel_de_sistemas_electronicos/image_processing_system/HSL_Vitis/gray_kernel_prj/solution1/.autopilot/db/global.setting.tcl
Execute       source /home/jezuniga/tools/Xilinx/Vitis_HLS/2024.1/common/technology/generic/autopilot/common.gen 
Execute         source /home/jezuniga/tools/Xilinx/Vitis_HLS/2024.1/common/technology/generic/autopilot/APCoreGen.gen 
Execute       source /home/jezuniga/tools/Xilinx/Vitis_HLS/2024.1/common/technology/generic/autopilot/op.gen 
Execute       source /home/jezuniga/tools/Xilinx/Vitis_HLS/2024.1/common/technology/generic/autopilot/op_simcore.gen 
Execute       source /home/jezuniga/tools/Xilinx/Vitis_HLS/2024.1/common/technology/generic/autopilot/interface.gen 
Execute       source /home/jezuniga/mnt/HDD/Maestria/2026Q2/Diseno_de_alto_nivel_de_sistemas_electronicos/image_processing_system/HSL_Vitis/gray_kernel_prj/solution1/.autopilot/db/global.setting.tcl 
Execute       source /home/jezuniga/tools/Xilinx/Vitis_HLS/2024.1/common/technology/xilinx/common/xilinx.gen 
Execute         source /home/jezuniga/tools/Xilinx/Vitis_HLS/2024.1/common/technology/xilinx/interface/plb46.gen 
Execute         source /home/jezuniga/tools/Xilinx/Vitis_HLS/2024.1/common/technology/xilinx/interface/axi4.gen 
Execute         source /home/jezuniga/tools/Xilinx/Vitis_HLS/2024.1/common/technology/xilinx/interface/nativeAXI4.gen 
Execute           source /home/jezuniga/tools/Xilinx/Vitis_HLS/2024.1/common/technology/xilinx/interface/saxilite.gen 
Execute         source /home/jezuniga/tools/Xilinx/Vitis_HLS/2024.1/common/technology/xilinx/scripts/xilinxcoregen.gen 
Execute         source /home/jezuniga/tools/Xilinx/Vitis_HLS/2024.1/common/technology/xilinx/interface/XilEDKCoreGen.gen 
Execute         source /home/jezuniga/tools/Xilinx/Vitis_HLS/2024.1/common/technology/xilinx/ip/xfir.gen 
Execute         source /home/jezuniga/tools/Xilinx/Vitis_HLS/2024.1/common/technology/xilinx/ip/util.gen 
Execute         source /home/jezuniga/tools/Xilinx/Vitis_HLS/2024.1/common/technology/xilinx/ip/xfft.gen 
Execute         source /home/jezuniga/tools/Xilinx/Vitis_HLS/2024.1/common/technology/xilinx/ip/dds_compiler.gen 
Execute         source /home/jezuniga/tools/Xilinx/Vitis_HLS/2024.1/common/technology/xilinx/DSP48/dsp48.gen 
INFO-FLOW: DBG:PUTS:       generate_syn_sh
Execute       ap_part_info -name xck26-sfvc784-2LV-c -data names -quiet 
Execute       ap_part_info -name xck26-sfvc784-2LV-c -data info -quiet 
Execute       source /home/jezuniga/mnt/HDD/Maestria/2026Q2/Diseno_de_alto_nivel_de_sistemas_electronicos/image_processing_system/HSL_Vitis/gray_kernel_prj/solution1/.autopilot/db/global.setting.tcl 
INFO-FLOW: DBG:PUTS:       generate_imp_constraints
Execute       ap_part_info -name xck26-sfvc784-2LV-c -data names -quiet 
Execute       ap_part_info -name xck26-sfvc784-2LV-c -data info -quiet 
Execute       source /home/jezuniga/mnt/HDD/Maestria/2026Q2/Diseno_de_alto_nivel_de_sistemas_electronicos/image_processing_system/HSL_Vitis/gray_kernel_prj/solution1/.autopilot/db/gray_kernel.constraint.tcl 
Execute       source /home/jezuniga/mnt/HDD/Maestria/2026Q2/Diseno_de_alto_nivel_de_sistemas_electronicos/image_processing_system/HSL_Vitis/gray_kernel_prj/solution1/.autopilot/db/gray_kernel.tbgen.tcl 
INFO-FLOW: DBG:PUTS:       delete-temp-dirs (skipped for debug)
Execute       ap_part_info -name xck26-sfvc784-2LV-c -data names -quiet 
Execute       ap_part_info -name xck26-sfvc784-2LV-c -data info -quiet 
INFO-FLOW: DBG:PUTS: read_platform_lib /home/jezuniga/mnt/HDD/Maestria/2026Q2/Diseno_de_alto_nivel_de_sistemas_electronicos/image_processing_system/HSL_Vitis/gray_kernel_prj/solution1/.autopilot/db/global.setting.tcl
Execute       source /home/jezuniga/tools/Xilinx/Vitis_HLS/2024.1/common/technology/generic/autopilot/common.gen 
Execute         source /home/jezuniga/tools/Xilinx/Vitis_HLS/2024.1/common/technology/generic/autopilot/APCoreGen.gen 
Execute       source /home/jezuniga/tools/Xilinx/Vitis_HLS/2024.1/common/technology/generic/autopilot/op.gen 
Execute       source /home/jezuniga/tools/Xilinx/Vitis_HLS/2024.1/common/technology/generic/autopilot/op_simcore.gen 
Execute       source /home/jezuniga/tools/Xilinx/Vitis_HLS/2024.1/common/technology/generic/autopilot/interface.gen 
Execute       source /home/jezuniga/mnt/HDD/Maestria/2026Q2/Diseno_de_alto_nivel_de_sistemas_electronicos/image_processing_system/HSL_Vitis/gray_kernel_prj/solution1/.autopilot/db/global.setting.tcl 
Execute       source /home/jezuniga/tools/Xilinx/Vitis_HLS/2024.1/common/technology/xilinx/common/xilinx.gen 
Execute         source /home/jezuniga/tools/Xilinx/Vitis_HLS/2024.1/common/technology/xilinx/interface/plb46.gen 
Execute         source /home/jezuniga/tools/Xilinx/Vitis_HLS/2024.1/common/technology/xilinx/interface/axi4.gen 
Execute         source /home/jezuniga/tools/Xilinx/Vitis_HLS/2024.1/common/technology/xilinx/interface/nativeAXI4.gen 
Execute           source /home/jezuniga/tools/Xilinx/Vitis_HLS/2024.1/common/technology/xilinx/interface/saxilite.gen 
Execute         source /home/jezuniga/tools/Xilinx/Vitis_HLS/2024.1/common/technology/xilinx/scripts/xilinxcoregen.gen 
Execute         source /home/jezuniga/tools/Xilinx/Vitis_HLS/2024.1/common/technology/xilinx/interface/XilEDKCoreGen.gen 
Execute         source /home/jezuniga/tools/Xilinx/Vitis_HLS/2024.1/common/technology/xilinx/ip/xfir.gen 
Execute         source /home/jezuniga/tools/Xilinx/Vitis_HLS/2024.1/common/technology/xilinx/ip/util.gen 
Execute         source /home/jezuniga/tools/Xilinx/Vitis_HLS/2024.1/common/technology/xilinx/ip/xfft.gen 
Execute         source /home/jezuniga/tools/Xilinx/Vitis_HLS/2024.1/common/technology/xilinx/ip/dds_compiler.gen 
Execute         source /home/jezuniga/tools/Xilinx/Vitis_HLS/2024.1/common/technology/xilinx/DSP48/dsp48.gen 
Execute       source /home/jezuniga/mnt/HDD/Maestria/2026Q2/Diseno_de_alto_nivel_de_sistemas_electronicos/image_processing_system/HSL_Vitis/gray_kernel_prj/solution1/.autopilot/db/autopilot.rtl.models.tcl 
Execute       source /home/jezuniga/mnt/HDD/Maestria/2026Q2/Diseno_de_alto_nivel_de_sistemas_electronicos/image_processing_system/HSL_Vitis/gray_kernel_prj/solution1/.autopilot/db/global.setting.tcl 
Execute       ap_part_info -name xck26-sfvc784-2LV-c -data names -quiet 
Execute       ap_part_info -name xck26-sfvc784-2LV-c -data info -quiet 
INFO-FLOW: DBG:PUTS: debug_in_auto_impl: vlog syn exec /home/jezuniga/mnt/HDD/Maestria/2026Q2/Diseno_de_alto_nivel_de_sistemas_electronicos/image_processing_system/HSL_Vitis/gray_kernel_prj/solution1/impl/verilog/implsyn.sh
INFO-FLOW: DBG:PROC: ::HLSREPORTS::auto_impl_report topinfo_dict='RtlTopPrefix {} RtlSubPrefix gray_kernel_ TopModuleNoPrefix gray_kernel TopModuleWithPrefix gray_kernel' export_design_flow='syn' impl_dir='/home/jezuniga/mnt/HDD/Maestria/2026Q2/Diseno_de_alto_nivel_de_sistemas_electronicos/image_processing_system/HSL_Vitis/gray_kernel_prj/solution1/impl' lang='verilog' out_dir=''
INFO-FLOW: DBG:PUTS:     auto_impl_report: syn processing xml
Execute       ap_part_info -quiet -data family -name xck26-sfvc784-2LV-c 
INFO-FLOW: DBG:PUTS:     writing export xml file: /home/jezuniga/mnt/HDD/Maestria/2026Q2/Diseno_de_alto_nivel_de_sistemas_electronicos/image_processing_system/HSL_Vitis/gray_kernel_prj/solution1/impl/report/verilog/export_syn.xml
INFO-FLOW: DBG:PROC: ::HLSREPORTS::auto_impl_report_txt xml_root='domNode0x7084ec066fe8' export_design_flow='syn' export_rpt='/home/jezuniga/mnt/HDD/Maestria/2026Q2/Diseno_de_alto_nivel_de_sistemas_electronicos/image_processing_system/HSL_Vitis/gray_kernel_prj/solution1/impl/report/verilog/export_syn.rpt' rpt_txt_var=''
INFO-FLOW: DBG:PUTS:     wrote export rpt file: export_syn.rpt
Execute       send_msg_by_id INFO @200-802@%s gray_kernel_prj/solution1/impl/export.zip 
INFO: [HLS 200-802] Generated output file gray_kernel_prj/solution1/impl/export.zip
Command     export_design done; 127.61 sec.
INFO: [HLS 200-2161] Finished Command export_design Elapsed time: 00:02:07; Allocated memory: 4.113 MB.
Execute     cleanup_all 
